-- MySQL dump 10.13  Distrib 5.5.44, for debian-linux-gnu (x86_64)
--
-- Host: localhost    Database: easydepil
-- ------------------------------------------------------
-- Server version	5.5.44-0+deb8u1

/*!40101 SET @OLD_CHARACTER_SET_CLIENT=@@CHARACTER_SET_CLIENT */;
/*!40101 SET @OLD_CHARACTER_SET_RESULTS=@@CHARACTER_SET_RESULTS */;
/*!40101 SET @OLD_COLLATION_CONNECTION=@@COLLATION_CONNECTION */;
/*!40101 SET NAMES utf8 */;
/*!40103 SET @OLD_TIME_ZONE=@@TIME_ZONE */;
/*!40103 SET TIME_ZONE='+00:00' */;
/*!40014 SET @OLD_UNIQUE_CHECKS=@@UNIQUE_CHECKS, UNIQUE_CHECKS=0 */;
/*!40014 SET @OLD_FOREIGN_KEY_CHECKS=@@FOREIGN_KEY_CHECKS, FOREIGN_KEY_CHECKS=0 */;
/*!40101 SET @OLD_SQL_MODE=@@SQL_MODE, SQL_MODE='NO_AUTO_VALUE_ON_ZERO' */;
/*!40111 SET @OLD_SQL_NOTES=@@SQL_NOTES, SQL_NOTES=0 */;

--
-- Table structure for table `clinAgenda`
--

DROP TABLE IF EXISTS `clinAgenda`;
/*!40101 SET @saved_cs_client     = @@character_set_client */;
/*!40101 SET character_set_client = utf8 */;
CREATE TABLE `clinAgenda` (
  `idAgenda` int(11) NOT NULL AUTO_INCREMENT,
  `idProfissional` int(11) DEFAULT NULL,
  `dsAgenda` varchar(45) DEFAULT NULL,
  `idStatusAgenda` int(11) DEFAULT NULL,
  `dtAgenda` datetime DEFAULT NULL,
  `idCliente` int(11) DEFAULT NULL,
  `idTratamento` int(11) DEFAULT NULL,
  `idTipoAgenda` int(11) DEFAULT NULL,
  PRIMARY KEY (`idAgenda`),
  KEY `fk_clinAgenda_1_idx` (`idAgenda`)
) ENGINE=InnoDB AUTO_INCREMENT=34 DEFAULT CHARSET=latin1;
/*!40101 SET character_set_client = @saved_cs_client */;

--
-- Dumping data for table `clinAgenda`
--

LOCK TABLES `clinAgenda` WRITE;
/*!40000 ALTER TABLE `clinAgenda` DISABLE KEYS */;
INSERT INTO `clinAgenda` VALUES (1,7,'AGENDAMENTO',2,'2016-05-28 10:00:00',1,1,1),(2,7,'AGENDAMENTO',6,'2016-05-28 12:00:00',2,3,NULL),(3,7,'AGENDAMENTO',6,'2016-05-28 13:00:00',1,4,NULL),(4,7,'AGENDAMENTO',2,'2016-05-28 15:00:00',1,2,NULL),(5,7,'AGENDAMENTO',1,'2016-05-28 00:00:00',0,0,NULL),(6,7,'AGENDAMENTO',1,'2016-05-28 00:00:00',0,0,NULL),(7,7,'AGENDAMENTO',1,'2016-05-28 00:00:00',0,0,NULL),(8,7,'AGENDAMENTO',3,'2016-06-23 12:00:00',1,4,NULL),(9,7,NULL,6,'2016-05-28 09:00:00',1,1,NULL),(10,7,NULL,2,'2016-05-28 21:00:00',2,5,NULL),(11,7,NULL,2,'2016-05-28 13:30:00',1,8,NULL),(12,7,NULL,6,'2016-05-28 13:30:00',1,8,NULL),(13,7,NULL,6,'2016-05-28 14:30:00',2,9,NULL),(14,7,'TESTE',6,'2016-05-30 09:00:00',1,8,NULL),(15,7,'TESTE',6,'2016-05-28 09:00:00',2,4,NULL),(16,7,'teste',2,'2016-07-13 20:00:00',2,4,NULL),(17,7,'VIRILHA',1,'2016-07-13 20:00:00',1,1,NULL),(18,7,'VIRILHA',6,'2016-05-31 12:00:00',1,4,NULL),(19,7,'DE UM LADO',2,'2016-05-29 13:00:00',2,5,NULL),(20,7,'VIRILHA',5,'2016-05-29 12:30:00',1,6,NULL),(21,7,'teste',6,'2016-06-08 12:00:00',1,5,NULL),(22,8,'saddasda',1,'2016-06-08 15:30:00',2,9,NULL),(23,7,'VIRILHA',6,'2016-05-30 10:00:00',2,1,NULL),(24,7,'VIRILHA',5,'2016-05-31 13:00:00',2,1,NULL),(25,7,'teste',6,'2016-05-31 09:30:00',1,6,NULL),(26,7,'teste',6,'2016-05-31 09:30:00',2,7,NULL),(27,7,'perna',6,'2016-06-01 12:00:00',4,1,NULL),(28,7,'TESTE',6,'2016-06-01 12:30:00',4,3,NULL),(29,7,'FACE',6,'2016-06-01 11:30:00',1,1,NULL),(30,7,'TESTE',6,'2016-06-01 08:30:00',2,9,NULL),(31,7,'PERNA',6,'2016-06-01 08:50:00',1,1,NULL),(32,7,'BRACO',6,'2016-06-01 12:00:00',4,1,NULL),(33,7,'ROSTO',6,'2016-06-01 14:00:00',2,4,NULL);
/*!40000 ALTER TABLE `clinAgenda` ENABLE KEYS */;
UNLOCK TABLES;

--
-- Table structure for table `clinAgendaHorario`
--

DROP TABLE IF EXISTS `clinAgendaHorario`;
/*!40101 SET @saved_cs_client     = @@character_set_client */;
/*!40101 SET character_set_client = utf8 */;
CREATE TABLE `clinAgendaHorario` (
  `idAgendaHorario` int(11) NOT NULL AUTO_INCREMENT,
  `idAno` datetime DEFAULT NULL COMMENT '			\n',
  `dsAgendaHorario` varchar(45) DEFAULT NULL,
  PRIMARY KEY (`idAgendaHorario`)
) ENGINE=InnoDB AUTO_INCREMENT=40 DEFAULT CHARSET=latin1;
/*!40101 SET character_set_client = @saved_cs_client */;

--
-- Dumping data for table `clinAgendaHorario`
--

LOCK TABLES `clinAgendaHorario` WRITE;
/*!40000 ALTER TABLE `clinAgendaHorario` DISABLE KEYS */;
INSERT INTO `clinAgendaHorario` VALUES (39,'2016-01-01 00:00:00','Agenda 2016');
/*!40000 ALTER TABLE `clinAgendaHorario` ENABLE KEYS */;
UNLOCK TABLES;

--
-- Table structure for table `clinAgendaHorarioItens`
--

DROP TABLE IF EXISTS `clinAgendaHorarioItens`;
/*!40101 SET @saved_cs_client     = @@character_set_client */;
/*!40101 SET character_set_client = utf8 */;
CREATE TABLE `clinAgendaHorarioItens` (
  `idAgendaHorarioItens` int(11) NOT NULL AUTO_INCREMENT,
  `dtAgenda` datetime DEFAULT NULL,
  `idAgendaHorario` int(11) DEFAULT NULL,
  PRIMARY KEY (`idAgendaHorarioItens`),
  KEY `fk_clinAgendaHorarioItens_1_idx` (`idAgendaHorario`)
) ENGINE=InnoDB AUTO_INCREMENT=7009 DEFAULT CHARSET=latin1;
/*!40101 SET character_set_client = @saved_cs_client */;

--
-- Dumping data for table `clinAgendaHorarioItens`
--

LOCK TABLES `clinAgendaHorarioItens` WRITE;
/*!40000 ALTER TABLE `clinAgendaHorarioItens` DISABLE KEYS */;
INSERT INTO `clinAgendaHorarioItens` VALUES (5911,'2016-01-01 00:00:00',37),(5912,'2016-01-02 00:00:00',37),(5913,'2016-01-03 00:00:00',37),(5914,'2016-01-04 00:00:00',37),(5915,'2016-01-05 00:00:00',37),(5916,'2016-01-06 00:00:00',37),(5917,'2016-01-07 00:00:00',37),(5918,'2016-01-08 00:00:00',37),(5919,'2016-01-09 00:00:00',37),(5920,'2016-01-10 00:00:00',37),(5921,'2016-01-11 00:00:00',37),(5922,'2016-01-12 00:00:00',37),(5923,'2016-01-13 00:00:00',37),(5924,'2016-01-14 00:00:00',37),(5925,'2016-01-15 00:00:00',37),(5926,'2016-01-16 00:00:00',37),(5927,'2016-01-17 00:00:00',37),(5928,'2016-01-18 00:00:00',37),(5929,'2016-01-19 00:00:00',37),(5930,'2016-01-20 00:00:00',37),(5931,'2016-01-21 00:00:00',37),(5932,'2016-01-22 00:00:00',37),(5933,'2016-01-23 00:00:00',37),(5934,'2016-01-24 00:00:00',37),(5935,'2016-01-25 00:00:00',37),(5936,'2016-01-26 00:00:00',37),(5937,'2016-01-27 00:00:00',37),(5938,'2016-01-28 00:00:00',37),(5939,'2016-01-29 00:00:00',37),(5940,'2016-01-30 00:00:00',37),(5941,'2016-01-31 00:00:00',37),(5942,'2016-02-01 00:00:00',37),(5943,'2016-02-02 00:00:00',37),(5944,'2016-02-03 00:00:00',37),(5945,'2016-02-04 00:00:00',37),(5946,'2016-02-05 00:00:00',37),(5947,'2016-02-06 00:00:00',37),(5948,'2016-02-07 00:00:00',37),(5949,'2016-02-08 00:00:00',37),(5950,'2016-02-09 00:00:00',37),(5951,'2016-02-10 00:00:00',37),(5952,'2016-02-11 00:00:00',37),(5953,'2016-02-12 00:00:00',37),(5954,'2016-02-13 00:00:00',37),(5955,'2016-02-14 00:00:00',37),(5956,'2016-02-15 00:00:00',37),(5957,'2016-02-16 00:00:00',37),(5958,'2016-02-17 00:00:00',37),(5959,'2016-02-18 00:00:00',37),(5960,'2016-02-19 00:00:00',37),(5961,'2016-02-20 00:00:00',37),(5962,'2016-02-21 00:00:00',37),(5963,'2016-02-22 00:00:00',37),(5964,'2016-02-23 00:00:00',37),(5965,'2016-02-24 00:00:00',37),(5966,'2016-02-25 00:00:00',37),(5967,'2016-02-26 00:00:00',37),(5968,'2016-02-27 00:00:00',37),(5969,'2016-02-28 00:00:00',37),(5970,'2016-02-29 00:00:00',37),(5971,'2016-03-01 00:00:00',37),(5972,'2016-03-02 00:00:00',37),(5973,'2016-03-03 00:00:00',37),(5974,'2016-03-04 00:00:00',37),(5975,'2016-03-05 00:00:00',37),(5976,'2016-03-06 00:00:00',37),(5977,'2016-03-07 00:00:00',37),(5978,'2016-03-08 00:00:00',37),(5979,'2016-03-09 00:00:00',37),(5980,'2016-03-10 00:00:00',37),(5981,'2016-03-11 00:00:00',37),(5982,'2016-03-12 00:00:00',37),(5983,'2016-03-13 00:00:00',37),(5984,'2016-03-14 00:00:00',37),(5985,'2016-03-15 00:00:00',37),(5986,'2016-03-16 00:00:00',37),(5987,'2016-03-17 00:00:00',37),(5988,'2016-03-18 00:00:00',37),(5989,'2016-03-19 00:00:00',37),(5990,'2016-03-20 00:00:00',37),(5991,'2016-03-21 00:00:00',37),(5992,'2016-03-22 00:00:00',37),(5993,'2016-03-23 00:00:00',37),(5994,'2016-03-24 00:00:00',37),(5995,'2016-03-25 00:00:00',37),(5996,'2016-03-26 00:00:00',37),(5997,'2016-03-27 00:00:00',37),(5998,'2016-03-28 00:00:00',37),(5999,'2016-03-29 00:00:00',37),(6000,'2016-03-30 00:00:00',37),(6001,'2016-03-31 00:00:00',37),(6002,'2016-04-01 00:00:00',37),(6003,'2016-04-02 00:00:00',37),(6004,'2016-04-03 00:00:00',37),(6005,'2016-04-04 00:00:00',37),(6006,'2016-04-05 00:00:00',37),(6007,'2016-04-06 00:00:00',37),(6008,'2016-04-07 00:00:00',37),(6009,'2016-04-08 00:00:00',37),(6010,'2016-04-09 00:00:00',37),(6011,'2016-04-10 00:00:00',37),(6012,'2016-04-11 00:00:00',37),(6013,'2016-04-12 00:00:00',37),(6014,'2016-04-13 00:00:00',37),(6015,'2016-04-14 00:00:00',37),(6016,'2016-04-15 00:00:00',37),(6017,'2016-04-16 00:00:00',37),(6018,'2016-04-17 00:00:00',37),(6019,'2016-04-18 00:00:00',37),(6020,'2016-04-19 00:00:00',37),(6021,'2016-04-20 00:00:00',37),(6022,'2016-04-21 00:00:00',37),(6023,'2016-04-22 00:00:00',37),(6024,'2016-04-23 00:00:00',37),(6025,'2016-04-24 00:00:00',37),(6026,'2016-04-25 00:00:00',37),(6027,'2016-04-26 00:00:00',37),(6028,'2016-04-27 00:00:00',37),(6029,'2016-04-28 00:00:00',37),(6030,'2016-04-29 00:00:00',37),(6031,'2016-04-30 00:00:00',37),(6032,'2016-05-01 00:00:00',37),(6033,'2016-05-02 00:00:00',37),(6034,'2016-05-03 00:00:00',37),(6035,'2016-05-04 00:00:00',37),(6036,'2016-05-05 00:00:00',37),(6037,'2016-05-06 00:00:00',37),(6038,'2016-05-07 00:00:00',37),(6039,'2016-05-08 00:00:00',37),(6040,'2016-05-09 00:00:00',37),(6041,'2016-05-10 00:00:00',37),(6042,'2016-05-11 00:00:00',37),(6043,'2016-05-12 00:00:00',37),(6044,'2016-05-13 00:00:00',37),(6045,'2016-05-14 00:00:00',37),(6046,'2016-05-15 00:00:00',37),(6047,'2016-05-16 00:00:00',37),(6048,'2016-05-17 00:00:00',37),(6049,'2016-05-18 00:00:00',37),(6050,'2016-05-19 00:00:00',37),(6051,'2016-05-20 00:00:00',37),(6052,'2016-05-21 00:00:00',37),(6053,'2016-05-22 00:00:00',37),(6054,'2016-05-23 00:00:00',37),(6055,'2016-05-24 00:00:00',37),(6056,'2016-05-25 00:00:00',37),(6057,'2016-05-26 00:00:00',37),(6058,'2016-05-27 00:00:00',37),(6059,'2016-05-28 00:00:00',37),(6060,'2016-05-29 00:00:00',37),(6061,'2016-05-30 00:00:00',37),(6062,'2016-05-31 00:00:00',37),(6063,'2016-06-01 00:00:00',37),(6064,'2016-06-02 00:00:00',37),(6065,'2016-06-03 00:00:00',37),(6066,'2016-06-04 00:00:00',37),(6067,'2016-06-05 00:00:00',37),(6068,'2016-06-06 00:00:00',37),(6069,'2016-06-07 00:00:00',37),(6070,'2016-06-08 00:00:00',37),(6071,'2016-06-09 00:00:00',37),(6072,'2016-06-10 00:00:00',37),(6073,'2016-06-11 00:00:00',37),(6074,'2016-06-12 00:00:00',37),(6075,'2016-06-13 00:00:00',37),(6076,'2016-06-14 00:00:00',37),(6077,'2016-06-15 00:00:00',37),(6078,'2016-06-16 00:00:00',37),(6079,'2016-06-17 00:00:00',37),(6080,'2016-06-18 00:00:00',37),(6081,'2016-06-19 00:00:00',37),(6082,'2016-06-20 00:00:00',37),(6083,'2016-06-21 00:00:00',37),(6084,'2016-06-22 00:00:00',37),(6085,'2016-06-23 00:00:00',37),(6086,'2016-06-24 00:00:00',37),(6087,'2016-06-25 00:00:00',37),(6088,'2016-06-26 00:00:00',37),(6089,'2016-06-27 00:00:00',37),(6090,'2016-06-28 00:00:00',37),(6091,'2016-06-29 00:00:00',37),(6092,'2016-06-30 00:00:00',37),(6093,'2016-07-01 00:00:00',37),(6094,'2016-07-02 00:00:00',37),(6095,'2016-07-03 00:00:00',37),(6096,'2016-07-04 00:00:00',37),(6097,'2016-07-05 00:00:00',37),(6098,'2016-07-06 00:00:00',37),(6099,'2016-07-07 00:00:00',37),(6100,'2016-07-08 00:00:00',37),(6101,'2016-07-09 00:00:00',37),(6102,'2016-07-10 00:00:00',37),(6103,'2016-07-11 00:00:00',37),(6104,'2016-07-12 00:00:00',37),(6105,'2016-07-13 00:00:00',37),(6106,'2016-07-14 00:00:00',37),(6107,'2016-07-15 00:00:00',37),(6108,'2016-07-16 00:00:00',37),(6109,'2016-07-17 00:00:00',37),(6110,'2016-07-18 00:00:00',37),(6111,'2016-07-19 00:00:00',37),(6112,'2016-07-20 00:00:00',37),(6113,'2016-07-21 00:00:00',37),(6114,'2016-07-22 00:00:00',37),(6115,'2016-07-23 00:00:00',37),(6116,'2016-07-24 00:00:00',37),(6117,'2016-07-25 00:00:00',37),(6118,'2016-07-26 00:00:00',37),(6119,'2016-07-27 00:00:00',37),(6120,'2016-07-28 00:00:00',37),(6121,'2016-07-29 00:00:00',37),(6122,'2016-07-30 00:00:00',37),(6123,'2016-07-31 00:00:00',37),(6124,'2016-08-01 00:00:00',37),(6125,'2016-08-02 00:00:00',37),(6126,'2016-08-03 00:00:00',37),(6127,'2016-08-04 00:00:00',37),(6128,'2016-08-05 00:00:00',37),(6129,'2016-08-06 00:00:00',37),(6130,'2016-08-07 00:00:00',37),(6131,'2016-08-08 00:00:00',37),(6132,'2016-08-09 00:00:00',37),(6133,'2016-08-10 00:00:00',37),(6134,'2016-08-11 00:00:00',37),(6135,'2016-08-12 00:00:00',37),(6136,'2016-08-13 00:00:00',37),(6137,'2016-08-14 00:00:00',37),(6138,'2016-08-15 00:00:00',37),(6139,'2016-08-16 00:00:00',37),(6140,'2016-08-17 00:00:00',37),(6141,'2016-08-18 00:00:00',37),(6142,'2016-08-19 00:00:00',37),(6143,'2016-08-20 00:00:00',37),(6144,'2016-08-21 00:00:00',37),(6145,'2016-08-22 00:00:00',37),(6146,'2016-08-23 00:00:00',37),(6147,'2016-08-24 00:00:00',37),(6148,'2016-08-25 00:00:00',37),(6149,'2016-08-26 00:00:00',37),(6150,'2016-08-27 00:00:00',37),(6151,'2016-08-28 00:00:00',37),(6152,'2016-08-29 00:00:00',37),(6153,'2016-08-30 00:00:00',37),(6154,'2016-08-31 00:00:00',37),(6155,'2016-09-01 00:00:00',37),(6156,'2016-09-02 00:00:00',37),(6157,'2016-09-03 00:00:00',37),(6158,'2016-09-04 00:00:00',37),(6159,'2016-09-05 00:00:00',37),(6160,'2016-09-06 00:00:00',37),(6161,'2016-09-07 00:00:00',37),(6162,'2016-09-08 00:00:00',37),(6163,'2016-09-09 00:00:00',37),(6164,'2016-09-10 00:00:00',37),(6165,'2016-09-11 00:00:00',37),(6166,'2016-09-12 00:00:00',37),(6167,'2016-09-13 00:00:00',37),(6168,'2016-09-14 00:00:00',37),(6169,'2016-09-15 00:00:00',37),(6170,'2016-09-16 00:00:00',37),(6171,'2016-09-17 00:00:00',37),(6172,'2016-09-18 00:00:00',37),(6173,'2016-09-19 00:00:00',37),(6174,'2016-09-20 00:00:00',37),(6175,'2016-09-21 00:00:00',37),(6176,'2016-09-22 00:00:00',37),(6177,'2016-09-23 00:00:00',37),(6178,'2016-09-24 00:00:00',37),(6179,'2016-09-25 00:00:00',37),(6180,'2016-09-26 00:00:00',37),(6181,'2016-09-27 00:00:00',37),(6182,'2016-09-28 00:00:00',37),(6183,'2016-09-29 00:00:00',37),(6184,'2016-09-30 00:00:00',37),(6185,'2016-10-01 00:00:00',37),(6186,'2016-10-02 00:00:00',37),(6187,'2016-10-03 00:00:00',37),(6188,'2016-10-04 00:00:00',37),(6189,'2016-10-05 00:00:00',37),(6190,'2016-10-06 00:00:00',37),(6191,'2016-10-07 00:00:00',37),(6192,'2016-10-08 00:00:00',37),(6193,'2016-10-09 00:00:00',37),(6194,'2016-10-10 00:00:00',37),(6195,'2016-10-11 00:00:00',37),(6196,'2016-10-12 00:00:00',37),(6197,'2016-10-13 00:00:00',37),(6198,'2016-10-14 00:00:00',37),(6199,'2016-10-15 00:00:00',37),(6200,'2016-10-16 00:00:00',37),(6201,'2016-10-17 00:00:00',37),(6202,'2016-10-18 00:00:00',37),(6203,'2016-10-19 00:00:00',37),(6204,'2016-10-20 00:00:00',37),(6205,'2016-10-21 00:00:00',37),(6206,'2016-10-22 00:00:00',37),(6207,'2016-10-23 00:00:00',37),(6208,'2016-10-24 00:00:00',37),(6209,'2016-10-25 00:00:00',37),(6210,'2016-10-26 00:00:00',37),(6211,'2016-10-27 00:00:00',37),(6212,'2016-10-28 00:00:00',37),(6213,'2016-10-29 00:00:00',37),(6214,'2016-10-30 00:00:00',37),(6215,'2016-10-31 00:00:00',37),(6216,'2016-11-01 00:00:00',37),(6217,'2016-11-02 00:00:00',37),(6218,'2016-11-03 00:00:00',37),(6219,'2016-11-04 00:00:00',37),(6220,'2016-11-05 00:00:00',37),(6221,'2016-11-06 00:00:00',37),(6222,'2016-11-07 00:00:00',37),(6223,'2016-11-08 00:00:00',37),(6224,'2016-11-09 00:00:00',37),(6225,'2016-11-10 00:00:00',37),(6226,'2016-11-11 00:00:00',37),(6227,'2016-11-12 00:00:00',37),(6228,'2016-11-13 00:00:00',37),(6229,'2016-11-14 00:00:00',37),(6230,'2016-11-15 00:00:00',37),(6231,'2016-11-16 00:00:00',37),(6232,'2016-11-17 00:00:00',37),(6233,'2016-11-18 00:00:00',37),(6234,'2016-11-19 00:00:00',37),(6235,'2016-11-20 00:00:00',37),(6236,'2016-11-21 00:00:00',37),(6237,'2016-11-22 00:00:00',37),(6238,'2016-11-23 00:00:00',37),(6239,'2016-11-24 00:00:00',37),(6240,'2016-11-25 00:00:00',37),(6241,'2016-11-26 00:00:00',37),(6242,'2016-11-27 00:00:00',37),(6243,'2016-11-28 00:00:00',37),(6244,'2016-11-29 00:00:00',37),(6245,'2016-11-30 00:00:00',37),(6246,'2016-12-01 00:00:00',37),(6247,'2016-12-02 00:00:00',37),(6248,'2016-12-03 00:00:00',37),(6249,'2016-12-04 00:00:00',37),(6250,'2016-12-05 00:00:00',37),(6251,'2016-12-06 00:00:00',37),(6252,'2016-12-07 00:00:00',37),(6253,'2016-12-08 00:00:00',37),(6254,'2016-12-09 00:00:00',37),(6255,'2016-12-10 00:00:00',37),(6256,'2016-12-11 00:00:00',37),(6257,'2016-12-12 00:00:00',37),(6258,'2016-12-13 00:00:00',37),(6259,'2016-12-14 00:00:00',37),(6260,'2016-12-15 00:00:00',37),(6261,'2016-12-16 00:00:00',37),(6262,'2016-12-17 00:00:00',37),(6263,'2016-12-18 00:00:00',37),(6264,'2016-12-19 00:00:00',37),(6265,'2016-12-20 00:00:00',37),(6266,'2016-12-21 00:00:00',37),(6267,'2016-12-22 00:00:00',37),(6268,'2016-12-23 00:00:00',37),(6269,'2016-12-24 00:00:00',37),(6270,'2016-12-25 00:00:00',37),(6271,'2016-12-26 00:00:00',37),(6272,'2016-12-27 00:00:00',37),(6273,'2016-12-28 00:00:00',37),(6274,'2016-12-29 00:00:00',37),(6275,'2016-12-30 00:00:00',37),(6276,'2016-12-31 00:00:00',37),(6277,'2016-01-01 00:00:00',38),(6278,'2016-01-02 00:00:00',38),(6279,'2016-01-03 00:00:00',38),(6280,'2016-01-04 00:00:00',38),(6281,'2016-01-05 00:00:00',38),(6282,'2016-01-06 00:00:00',38),(6283,'2016-01-07 00:00:00',38),(6284,'2016-01-08 00:00:00',38),(6285,'2016-01-09 00:00:00',38),(6286,'2016-01-10 00:00:00',38),(6287,'2016-01-11 00:00:00',38),(6288,'2016-01-12 00:00:00',38),(6289,'2016-01-13 00:00:00',38),(6290,'2016-01-14 00:00:00',38),(6291,'2016-01-15 00:00:00',38),(6292,'2016-01-16 00:00:00',38),(6293,'2016-01-17 00:00:00',38),(6294,'2016-01-18 00:00:00',38),(6295,'2016-01-19 00:00:00',38),(6296,'2016-01-20 00:00:00',38),(6297,'2016-01-21 00:00:00',38),(6298,'2016-01-22 00:00:00',38),(6299,'2016-01-23 00:00:00',38),(6300,'2016-01-24 00:00:00',38),(6301,'2016-01-25 00:00:00',38),(6302,'2016-01-26 00:00:00',38),(6303,'2016-01-27 00:00:00',38),(6304,'2016-01-28 00:00:00',38),(6305,'2016-01-29 00:00:00',38),(6306,'2016-01-30 00:00:00',38),(6307,'2016-01-31 00:00:00',38),(6308,'2016-02-01 00:00:00',38),(6309,'2016-02-02 00:00:00',38),(6310,'2016-02-03 00:00:00',38),(6311,'2016-02-04 00:00:00',38),(6312,'2016-02-05 00:00:00',38),(6313,'2016-02-06 00:00:00',38),(6314,'2016-02-07 00:00:00',38),(6315,'2016-02-08 00:00:00',38),(6316,'2016-02-09 00:00:00',38),(6317,'2016-02-10 00:00:00',38),(6318,'2016-02-11 00:00:00',38),(6319,'2016-02-12 00:00:00',38),(6320,'2016-02-13 00:00:00',38),(6321,'2016-02-14 00:00:00',38),(6322,'2016-02-15 00:00:00',38),(6323,'2016-02-16 00:00:00',38),(6324,'2016-02-17 00:00:00',38),(6325,'2016-02-18 00:00:00',38),(6326,'2016-02-19 00:00:00',38),(6327,'2016-02-20 00:00:00',38),(6328,'2016-02-21 00:00:00',38),(6329,'2016-02-22 00:00:00',38),(6330,'2016-02-23 00:00:00',38),(6331,'2016-02-24 00:00:00',38),(6332,'2016-02-25 00:00:00',38),(6333,'2016-02-26 00:00:00',38),(6334,'2016-02-27 00:00:00',38),(6335,'2016-02-28 00:00:00',38),(6336,'2016-02-29 00:00:00',38),(6337,'2016-03-01 00:00:00',38),(6338,'2016-03-02 00:00:00',38),(6339,'2016-03-03 00:00:00',38),(6340,'2016-03-04 00:00:00',38),(6341,'2016-03-05 00:00:00',38),(6342,'2016-03-06 00:00:00',38),(6343,'2016-03-07 00:00:00',38),(6344,'2016-03-08 00:00:00',38),(6345,'2016-03-09 00:00:00',38),(6346,'2016-03-10 00:00:00',38),(6347,'2016-03-11 00:00:00',38),(6348,'2016-03-12 00:00:00',38),(6349,'2016-03-13 00:00:00',38),(6350,'2016-03-14 00:00:00',38),(6351,'2016-03-15 00:00:00',38),(6352,'2016-03-16 00:00:00',38),(6353,'2016-03-17 00:00:00',38),(6354,'2016-03-18 00:00:00',38),(6355,'2016-03-19 00:00:00',38),(6356,'2016-03-20 00:00:00',38),(6357,'2016-03-21 00:00:00',38),(6358,'2016-03-22 00:00:00',38),(6359,'2016-03-23 00:00:00',38),(6360,'2016-03-24 00:00:00',38),(6361,'2016-03-25 00:00:00',38),(6362,'2016-03-26 00:00:00',38),(6363,'2016-03-27 00:00:00',38),(6364,'2016-03-28 00:00:00',38),(6365,'2016-03-29 00:00:00',38),(6366,'2016-03-30 00:00:00',38),(6367,'2016-03-31 00:00:00',38),(6368,'2016-04-01 00:00:00',38),(6369,'2016-04-02 00:00:00',38),(6370,'2016-04-03 00:00:00',38),(6371,'2016-04-04 00:00:00',38),(6372,'2016-04-05 00:00:00',38),(6373,'2016-04-06 00:00:00',38),(6374,'2016-04-07 00:00:00',38),(6375,'2016-04-08 00:00:00',38),(6376,'2016-04-09 00:00:00',38),(6377,'2016-04-10 00:00:00',38),(6378,'2016-04-11 00:00:00',38),(6379,'2016-04-12 00:00:00',38),(6380,'2016-04-13 00:00:00',38),(6381,'2016-04-14 00:00:00',38),(6382,'2016-04-15 00:00:00',38),(6383,'2016-04-16 00:00:00',38),(6384,'2016-04-17 00:00:00',38),(6385,'2016-04-18 00:00:00',38),(6386,'2016-04-19 00:00:00',38),(6387,'2016-04-20 00:00:00',38),(6388,'2016-04-21 00:00:00',38),(6389,'2016-04-22 00:00:00',38),(6390,'2016-04-23 00:00:00',38),(6391,'2016-04-24 00:00:00',38),(6392,'2016-04-25 00:00:00',38),(6393,'2016-04-26 00:00:00',38),(6394,'2016-04-27 00:00:00',38),(6395,'2016-04-28 00:00:00',38),(6396,'2016-04-29 00:00:00',38),(6397,'2016-04-30 00:00:00',38),(6398,'2016-05-01 00:00:00',38),(6399,'2016-05-02 00:00:00',38),(6400,'2016-05-03 00:00:00',38),(6401,'2016-05-04 00:00:00',38),(6402,'2016-05-05 00:00:00',38),(6403,'2016-05-06 00:00:00',38),(6404,'2016-05-07 00:00:00',38),(6405,'2016-05-08 00:00:00',38),(6406,'2016-05-09 00:00:00',38),(6407,'2016-05-10 00:00:00',38),(6408,'2016-05-11 00:00:00',38),(6409,'2016-05-12 00:00:00',38),(6410,'2016-05-13 00:00:00',38),(6411,'2016-05-14 00:00:00',38),(6412,'2016-05-15 00:00:00',38),(6413,'2016-05-16 00:00:00',38),(6414,'2016-05-17 00:00:00',38),(6415,'2016-05-18 00:00:00',38),(6416,'2016-05-19 00:00:00',38),(6417,'2016-05-20 00:00:00',38),(6418,'2016-05-21 00:00:00',38),(6419,'2016-05-22 00:00:00',38),(6420,'2016-05-23 00:00:00',38),(6421,'2016-05-24 00:00:00',38),(6422,'2016-05-25 00:00:00',38),(6423,'2016-05-26 00:00:00',38),(6424,'2016-05-27 00:00:00',38),(6425,'2016-05-28 00:00:00',38),(6426,'2016-05-29 00:00:00',38),(6427,'2016-05-30 00:00:00',38),(6428,'2016-05-31 00:00:00',38),(6429,'2016-06-01 00:00:00',38),(6430,'2016-06-02 00:00:00',38),(6431,'2016-06-03 00:00:00',38),(6432,'2016-06-04 00:00:00',38),(6433,'2016-06-05 00:00:00',38),(6434,'2016-06-06 00:00:00',38),(6435,'2016-06-07 00:00:00',38),(6436,'2016-06-08 00:00:00',38),(6437,'2016-06-09 00:00:00',38),(6438,'2016-06-10 00:00:00',38),(6439,'2016-06-11 00:00:00',38),(6440,'2016-06-12 00:00:00',38),(6441,'2016-06-13 00:00:00',38),(6442,'2016-06-14 00:00:00',38),(6443,'2016-06-15 00:00:00',38),(6444,'2016-06-16 00:00:00',38),(6445,'2016-06-17 00:00:00',38),(6446,'2016-06-18 00:00:00',38),(6447,'2016-06-19 00:00:00',38),(6448,'2016-06-20 00:00:00',38),(6449,'2016-06-21 00:00:00',38),(6450,'2016-06-22 00:00:00',38),(6451,'2016-06-23 00:00:00',38),(6452,'2016-06-24 00:00:00',38),(6453,'2016-06-25 00:00:00',38),(6454,'2016-06-26 00:00:00',38),(6455,'2016-06-27 00:00:00',38),(6456,'2016-06-28 00:00:00',38),(6457,'2016-06-29 00:00:00',38),(6458,'2016-06-30 00:00:00',38),(6459,'2016-07-01 00:00:00',38),(6460,'2016-07-02 00:00:00',38),(6461,'2016-07-03 00:00:00',38),(6462,'2016-07-04 00:00:00',38),(6463,'2016-07-05 00:00:00',38),(6464,'2016-07-06 00:00:00',38),(6465,'2016-07-07 00:00:00',38),(6466,'2016-07-08 00:00:00',38),(6467,'2016-07-09 00:00:00',38),(6468,'2016-07-10 00:00:00',38),(6469,'2016-07-11 00:00:00',38),(6470,'2016-07-12 00:00:00',38),(6471,'2016-07-13 00:00:00',38),(6472,'2016-07-14 00:00:00',38),(6473,'2016-07-15 00:00:00',38),(6474,'2016-07-16 00:00:00',38),(6475,'2016-07-17 00:00:00',38),(6476,'2016-07-18 00:00:00',38),(6477,'2016-07-19 00:00:00',38),(6478,'2016-07-20 00:00:00',38),(6479,'2016-07-21 00:00:00',38),(6480,'2016-07-22 00:00:00',38),(6481,'2016-07-23 00:00:00',38),(6482,'2016-07-24 00:00:00',38),(6483,'2016-07-25 00:00:00',38),(6484,'2016-07-26 00:00:00',38),(6485,'2016-07-27 00:00:00',38),(6486,'2016-07-28 00:00:00',38),(6487,'2016-07-29 00:00:00',38),(6488,'2016-07-30 00:00:00',38),(6489,'2016-07-31 00:00:00',38),(6490,'2016-08-01 00:00:00',38),(6491,'2016-08-02 00:00:00',38),(6492,'2016-08-03 00:00:00',38),(6493,'2016-08-04 00:00:00',38),(6494,'2016-08-05 00:00:00',38),(6495,'2016-08-06 00:00:00',38),(6496,'2016-08-07 00:00:00',38),(6497,'2016-08-08 00:00:00',38),(6498,'2016-08-09 00:00:00',38),(6499,'2016-08-10 00:00:00',38),(6500,'2016-08-11 00:00:00',38),(6501,'2016-08-12 00:00:00',38),(6502,'2016-08-13 00:00:00',38),(6503,'2016-08-14 00:00:00',38),(6504,'2016-08-15 00:00:00',38),(6505,'2016-08-16 00:00:00',38),(6506,'2016-08-17 00:00:00',38),(6507,'2016-08-18 00:00:00',38),(6508,'2016-08-19 00:00:00',38),(6509,'2016-08-20 00:00:00',38),(6510,'2016-08-21 00:00:00',38),(6511,'2016-08-22 00:00:00',38),(6512,'2016-08-23 00:00:00',38),(6513,'2016-08-24 00:00:00',38),(6514,'2016-08-25 00:00:00',38),(6515,'2016-08-26 00:00:00',38),(6516,'2016-08-27 00:00:00',38),(6517,'2016-08-28 00:00:00',38),(6518,'2016-08-29 00:00:00',38),(6519,'2016-08-30 00:00:00',38),(6520,'2016-08-31 00:00:00',38),(6521,'2016-09-01 00:00:00',38),(6522,'2016-09-02 00:00:00',38),(6523,'2016-09-03 00:00:00',38),(6524,'2016-09-04 00:00:00',38),(6525,'2016-09-05 00:00:00',38),(6526,'2016-09-06 00:00:00',38),(6527,'2016-09-07 00:00:00',38),(6528,'2016-09-08 00:00:00',38),(6529,'2016-09-09 00:00:00',38),(6530,'2016-09-10 00:00:00',38),(6531,'2016-09-11 00:00:00',38),(6532,'2016-09-12 00:00:00',38),(6533,'2016-09-13 00:00:00',38),(6534,'2016-09-14 00:00:00',38),(6535,'2016-09-15 00:00:00',38),(6536,'2016-09-16 00:00:00',38),(6537,'2016-09-17 00:00:00',38),(6538,'2016-09-18 00:00:00',38),(6539,'2016-09-19 00:00:00',38),(6540,'2016-09-20 00:00:00',38),(6541,'2016-09-21 00:00:00',38),(6542,'2016-09-22 00:00:00',38),(6543,'2016-09-23 00:00:00',38),(6544,'2016-09-24 00:00:00',38),(6545,'2016-09-25 00:00:00',38),(6546,'2016-09-26 00:00:00',38),(6547,'2016-09-27 00:00:00',38),(6548,'2016-09-28 00:00:00',38),(6549,'2016-09-29 00:00:00',38),(6550,'2016-09-30 00:00:00',38),(6551,'2016-10-01 00:00:00',38),(6552,'2016-10-02 00:00:00',38),(6553,'2016-10-03 00:00:00',38),(6554,'2016-10-04 00:00:00',38),(6555,'2016-10-05 00:00:00',38),(6556,'2016-10-06 00:00:00',38),(6557,'2016-10-07 00:00:00',38),(6558,'2016-10-08 00:00:00',38),(6559,'2016-10-09 00:00:00',38),(6560,'2016-10-10 00:00:00',38),(6561,'2016-10-11 00:00:00',38),(6562,'2016-10-12 00:00:00',38),(6563,'2016-10-13 00:00:00',38),(6564,'2016-10-14 00:00:00',38),(6565,'2016-10-15 00:00:00',38),(6566,'2016-10-16 00:00:00',38),(6567,'2016-10-17 00:00:00',38),(6568,'2016-10-18 00:00:00',38),(6569,'2016-10-19 00:00:00',38),(6570,'2016-10-20 00:00:00',38),(6571,'2016-10-21 00:00:00',38),(6572,'2016-10-22 00:00:00',38),(6573,'2016-10-23 00:00:00',38),(6574,'2016-10-24 00:00:00',38),(6575,'2016-10-25 00:00:00',38),(6576,'2016-10-26 00:00:00',38),(6577,'2016-10-27 00:00:00',38),(6578,'2016-10-28 00:00:00',38),(6579,'2016-10-29 00:00:00',38),(6580,'2016-10-30 00:00:00',38),(6581,'2016-10-31 00:00:00',38),(6582,'2016-11-01 00:00:00',38),(6583,'2016-11-02 00:00:00',38),(6584,'2016-11-03 00:00:00',38),(6585,'2016-11-04 00:00:00',38),(6586,'2016-11-05 00:00:00',38),(6587,'2016-11-06 00:00:00',38),(6588,'2016-11-07 00:00:00',38),(6589,'2016-11-08 00:00:00',38),(6590,'2016-11-09 00:00:00',38),(6591,'2016-11-10 00:00:00',38),(6592,'2016-11-11 00:00:00',38),(6593,'2016-11-12 00:00:00',38),(6594,'2016-11-13 00:00:00',38),(6595,'2016-11-14 00:00:00',38),(6596,'2016-11-15 00:00:00',38),(6597,'2016-11-16 00:00:00',38),(6598,'2016-11-17 00:00:00',38),(6599,'2016-11-18 00:00:00',38),(6600,'2016-11-19 00:00:00',38),(6601,'2016-11-20 00:00:00',38),(6602,'2016-11-21 00:00:00',38),(6603,'2016-11-22 00:00:00',38),(6604,'2016-11-23 00:00:00',38),(6605,'2016-11-24 00:00:00',38),(6606,'2016-11-25 00:00:00',38),(6607,'2016-11-26 00:00:00',38),(6608,'2016-11-27 00:00:00',38),(6609,'2016-11-28 00:00:00',38),(6610,'2016-11-29 00:00:00',38),(6611,'2016-11-30 00:00:00',38),(6612,'2016-12-01 00:00:00',38),(6613,'2016-12-02 00:00:00',38),(6614,'2016-12-03 00:00:00',38),(6615,'2016-12-04 00:00:00',38),(6616,'2016-12-05 00:00:00',38),(6617,'2016-12-06 00:00:00',38),(6618,'2016-12-07 00:00:00',38),(6619,'2016-12-08 00:00:00',38),(6620,'2016-12-09 00:00:00',38),(6621,'2016-12-10 00:00:00',38),(6622,'2016-12-11 00:00:00',38),(6623,'2016-12-12 00:00:00',38),(6624,'2016-12-13 00:00:00',38),(6625,'2016-12-14 00:00:00',38),(6626,'2016-12-15 00:00:00',38),(6627,'2016-12-16 00:00:00',38),(6628,'2016-12-17 00:00:00',38),(6629,'2016-12-18 00:00:00',38),(6630,'2016-12-19 00:00:00',38),(6631,'2016-12-20 00:00:00',38),(6632,'2016-12-21 00:00:00',38),(6633,'2016-12-22 00:00:00',38),(6634,'2016-12-23 00:00:00',38),(6635,'2016-12-24 00:00:00',38),(6636,'2016-12-25 00:00:00',38),(6637,'2016-12-26 00:00:00',38),(6638,'2016-12-27 00:00:00',38),(6639,'2016-12-28 00:00:00',38),(6640,'2016-12-29 00:00:00',38),(6641,'2016-12-30 00:00:00',38),(6642,'2016-12-31 00:00:00',38),(6643,'2016-01-01 00:00:00',39),(6644,'2016-01-02 00:00:00',39),(6645,'2016-01-03 00:00:00',39),(6646,'2016-01-04 00:00:00',39),(6647,'2016-01-05 00:00:00',39),(6648,'2016-01-06 00:00:00',39),(6649,'2016-01-07 00:00:00',39),(6650,'2016-01-08 00:00:00',39),(6651,'2016-01-09 00:00:00',39),(6652,'2016-01-10 00:00:00',39),(6653,'2016-01-11 00:00:00',39),(6654,'2016-01-12 00:00:00',39),(6655,'2016-01-13 00:00:00',39),(6656,'2016-01-14 00:00:00',39),(6657,'2016-01-15 00:00:00',39),(6658,'2016-01-16 00:00:00',39),(6659,'2016-01-17 00:00:00',39),(6660,'2016-01-18 00:00:00',39),(6661,'2016-01-19 00:00:00',39),(6662,'2016-01-20 00:00:00',39),(6663,'2016-01-21 00:00:00',39),(6664,'2016-01-22 00:00:00',39),(6665,'2016-01-23 00:00:00',39),(6666,'2016-01-24 00:00:00',39),(6667,'2016-01-25 00:00:00',39),(6668,'2016-01-26 00:00:00',39),(6669,'2016-01-27 00:00:00',39),(6670,'2016-01-28 00:00:00',39),(6671,'2016-01-29 00:00:00',39),(6672,'2016-01-30 00:00:00',39),(6673,'2016-01-31 00:00:00',39),(6674,'2016-02-01 00:00:00',39),(6675,'2016-02-02 00:00:00',39),(6676,'2016-02-03 00:00:00',39),(6677,'2016-02-04 00:00:00',39),(6678,'2016-02-05 00:00:00',39),(6679,'2016-02-06 00:00:00',39),(6680,'2016-02-07 00:00:00',39),(6681,'2016-02-08 00:00:00',39),(6682,'2016-02-09 00:00:00',39),(6683,'2016-02-10 00:00:00',39),(6684,'2016-02-11 00:00:00',39),(6685,'2016-02-12 00:00:00',39),(6686,'2016-02-13 00:00:00',39),(6687,'2016-02-14 00:00:00',39),(6688,'2016-02-15 00:00:00',39),(6689,'2016-02-16 00:00:00',39),(6690,'2016-02-17 00:00:00',39),(6691,'2016-02-18 00:00:00',39),(6692,'2016-02-19 00:00:00',39),(6693,'2016-02-20 00:00:00',39),(6694,'2016-02-21 00:00:00',39),(6695,'2016-02-22 00:00:00',39),(6696,'2016-02-23 00:00:00',39),(6697,'2016-02-24 00:00:00',39),(6698,'2016-02-25 00:00:00',39),(6699,'2016-02-26 00:00:00',39),(6700,'2016-02-27 00:00:00',39),(6701,'2016-02-28 00:00:00',39),(6702,'2016-02-29 00:00:00',39),(6703,'2016-03-01 00:00:00',39),(6704,'2016-03-02 00:00:00',39),(6705,'2016-03-03 00:00:00',39),(6706,'2016-03-04 00:00:00',39),(6707,'2016-03-05 00:00:00',39),(6708,'2016-03-06 00:00:00',39),(6709,'2016-03-07 00:00:00',39),(6710,'2016-03-08 00:00:00',39),(6711,'2016-03-09 00:00:00',39),(6712,'2016-03-10 00:00:00',39),(6713,'2016-03-11 00:00:00',39),(6714,'2016-03-12 00:00:00',39),(6715,'2016-03-13 00:00:00',39),(6716,'2016-03-14 00:00:00',39),(6717,'2016-03-15 00:00:00',39),(6718,'2016-03-16 00:00:00',39),(6719,'2016-03-17 00:00:00',39),(6720,'2016-03-18 00:00:00',39),(6721,'2016-03-19 00:00:00',39),(6722,'2016-03-20 00:00:00',39),(6723,'2016-03-21 00:00:00',39),(6724,'2016-03-22 00:00:00',39),(6725,'2016-03-23 00:00:00',39),(6726,'2016-03-24 00:00:00',39),(6727,'2016-03-25 00:00:00',39),(6728,'2016-03-26 00:00:00',39),(6729,'2016-03-27 00:00:00',39),(6730,'2016-03-28 00:00:00',39),(6731,'2016-03-29 00:00:00',39),(6732,'2016-03-30 00:00:00',39),(6733,'2016-03-31 00:00:00',39),(6734,'2016-04-01 00:00:00',39),(6735,'2016-04-02 00:00:00',39),(6736,'2016-04-03 00:00:00',39),(6737,'2016-04-04 00:00:00',39),(6738,'2016-04-05 00:00:00',39),(6739,'2016-04-06 00:00:00',39),(6740,'2016-04-07 00:00:00',39),(6741,'2016-04-08 00:00:00',39),(6742,'2016-04-09 00:00:00',39),(6743,'2016-04-10 00:00:00',39),(6744,'2016-04-11 00:00:00',39),(6745,'2016-04-12 00:00:00',39),(6746,'2016-04-13 00:00:00',39),(6747,'2016-04-14 00:00:00',39),(6748,'2016-04-15 00:00:00',39),(6749,'2016-04-16 00:00:00',39),(6750,'2016-04-17 00:00:00',39),(6751,'2016-04-18 00:00:00',39),(6752,'2016-04-19 00:00:00',39),(6753,'2016-04-20 00:00:00',39),(6754,'2016-04-21 00:00:00',39),(6755,'2016-04-22 00:00:00',39),(6756,'2016-04-23 00:00:00',39),(6757,'2016-04-24 00:00:00',39),(6758,'2016-04-25 00:00:00',39),(6759,'2016-04-26 00:00:00',39),(6760,'2016-04-27 00:00:00',39),(6761,'2016-04-28 00:00:00',39),(6762,'2016-04-29 00:00:00',39),(6763,'2016-04-30 00:00:00',39),(6764,'2016-05-01 00:00:00',39),(6765,'2016-05-02 00:00:00',39),(6766,'2016-05-03 00:00:00',39),(6767,'2016-05-04 00:00:00',39),(6768,'2016-05-05 00:00:00',39),(6769,'2016-05-06 00:00:00',39),(6770,'2016-05-07 00:00:00',39),(6771,'2016-05-08 00:00:00',39),(6772,'2016-05-09 00:00:00',39),(6773,'2016-05-10 00:00:00',39),(6774,'2016-05-11 00:00:00',39),(6775,'2016-05-12 00:00:00',39),(6776,'2016-05-13 00:00:00',39),(6777,'2016-05-14 00:00:00',39),(6778,'2016-05-15 00:00:00',39),(6779,'2016-05-16 00:00:00',39),(6780,'2016-05-17 00:00:00',39),(6781,'2016-05-18 00:00:00',39),(6782,'2016-05-19 00:00:00',39),(6783,'2016-05-20 00:00:00',39),(6784,'2016-05-21 00:00:00',39),(6785,'2016-05-22 00:00:00',39),(6786,'2016-05-23 00:00:00',39),(6787,'2016-05-24 00:00:00',39),(6788,'2016-05-25 00:00:00',39),(6789,'2016-05-26 00:00:00',39),(6790,'2016-05-27 00:00:00',39),(6791,'2016-05-28 00:00:00',39),(6792,'2016-05-29 00:00:00',39),(6793,'2016-05-30 00:00:00',39),(6794,'2016-05-31 00:00:00',39),(6795,'2016-06-01 00:00:00',39),(6796,'2016-06-02 00:00:00',39),(6797,'2016-06-03 00:00:00',39),(6798,'2016-06-04 00:00:00',39),(6799,'2016-06-05 00:00:00',39),(6800,'2016-06-06 00:00:00',39),(6801,'2016-06-07 00:00:00',39),(6802,'2016-06-08 00:00:00',39),(6803,'2016-06-09 00:00:00',39),(6804,'2016-06-10 00:00:00',39),(6805,'2016-06-11 00:00:00',39),(6806,'2016-06-12 00:00:00',39),(6807,'2016-06-13 00:00:00',39),(6808,'2016-06-14 00:00:00',39),(6809,'2016-06-15 00:00:00',39),(6810,'2016-06-16 00:00:00',39),(6811,'2016-06-17 00:00:00',39),(6812,'2016-06-18 00:00:00',39),(6813,'2016-06-19 00:00:00',39),(6814,'2016-06-20 00:00:00',39),(6815,'2016-06-21 00:00:00',39),(6816,'2016-06-22 00:00:00',39),(6817,'2016-06-23 00:00:00',39),(6818,'2016-06-24 00:00:00',39),(6819,'2016-06-25 00:00:00',39),(6820,'2016-06-26 00:00:00',39),(6821,'2016-06-27 00:00:00',39),(6822,'2016-06-28 00:00:00',39),(6823,'2016-06-29 00:00:00',39),(6824,'2016-06-30 00:00:00',39),(6825,'2016-07-01 00:00:00',39),(6826,'2016-07-02 00:00:00',39),(6827,'2016-07-03 00:00:00',39),(6828,'2016-07-04 00:00:00',39),(6829,'2016-07-05 00:00:00',39),(6830,'2016-07-06 00:00:00',39),(6831,'2016-07-07 00:00:00',39),(6832,'2016-07-08 00:00:00',39),(6833,'2016-07-09 00:00:00',39),(6834,'2016-07-10 00:00:00',39),(6835,'2016-07-11 00:00:00',39),(6836,'2016-07-12 00:00:00',39),(6837,'2016-07-13 00:00:00',39),(6838,'2016-07-14 00:00:00',39),(6839,'2016-07-15 00:00:00',39),(6840,'2016-07-16 00:00:00',39),(6841,'2016-07-17 00:00:00',39),(6842,'2016-07-18 00:00:00',39),(6843,'2016-07-19 00:00:00',39),(6844,'2016-07-20 00:00:00',39),(6845,'2016-07-21 00:00:00',39),(6846,'2016-07-22 00:00:00',39),(6847,'2016-07-23 00:00:00',39),(6848,'2016-07-24 00:00:00',39),(6849,'2016-07-25 00:00:00',39),(6850,'2016-07-26 00:00:00',39),(6851,'2016-07-27 00:00:00',39),(6852,'2016-07-28 00:00:00',39),(6853,'2016-07-29 00:00:00',39),(6854,'2016-07-30 00:00:00',39),(6855,'2016-07-31 00:00:00',39),(6856,'2016-08-01 00:00:00',39),(6857,'2016-08-02 00:00:00',39),(6858,'2016-08-03 00:00:00',39),(6859,'2016-08-04 00:00:00',39),(6860,'2016-08-05 00:00:00',39),(6861,'2016-08-06 00:00:00',39),(6862,'2016-08-07 00:00:00',39),(6863,'2016-08-08 00:00:00',39),(6864,'2016-08-09 00:00:00',39),(6865,'2016-08-10 00:00:00',39),(6866,'2016-08-11 00:00:00',39),(6867,'2016-08-12 00:00:00',39),(6868,'2016-08-13 00:00:00',39),(6869,'2016-08-14 00:00:00',39),(6870,'2016-08-15 00:00:00',39),(6871,'2016-08-16 00:00:00',39),(6872,'2016-08-17 00:00:00',39),(6873,'2016-08-18 00:00:00',39),(6874,'2016-08-19 00:00:00',39),(6875,'2016-08-20 00:00:00',39),(6876,'2016-08-21 00:00:00',39),(6877,'2016-08-22 00:00:00',39),(6878,'2016-08-23 00:00:00',39),(6879,'2016-08-24 00:00:00',39),(6880,'2016-08-25 00:00:00',39),(6881,'2016-08-26 00:00:00',39),(6882,'2016-08-27 00:00:00',39),(6883,'2016-08-28 00:00:00',39),(6884,'2016-08-29 00:00:00',39),(6885,'2016-08-30 00:00:00',39),(6886,'2016-08-31 00:00:00',39),(6887,'2016-09-01 00:00:00',39),(6888,'2016-09-02 00:00:00',39),(6889,'2016-09-03 00:00:00',39),(6890,'2016-09-04 00:00:00',39),(6891,'2016-09-05 00:00:00',39),(6892,'2016-09-06 00:00:00',39),(6893,'2016-09-07 00:00:00',39),(6894,'2016-09-08 00:00:00',39),(6895,'2016-09-09 00:00:00',39),(6896,'2016-09-10 00:00:00',39),(6897,'2016-09-11 00:00:00',39),(6898,'2016-09-12 00:00:00',39),(6899,'2016-09-13 00:00:00',39),(6900,'2016-09-14 00:00:00',39),(6901,'2016-09-15 00:00:00',39),(6902,'2016-09-16 00:00:00',39),(6903,'2016-09-17 00:00:00',39),(6904,'2016-09-18 00:00:00',39),(6905,'2016-09-19 00:00:00',39),(6906,'2016-09-20 00:00:00',39),(6907,'2016-09-21 00:00:00',39),(6908,'2016-09-22 00:00:00',39),(6909,'2016-09-23 00:00:00',39),(6910,'2016-09-24 00:00:00',39),(6911,'2016-09-25 00:00:00',39),(6912,'2016-09-26 00:00:00',39),(6913,'2016-09-27 00:00:00',39),(6914,'2016-09-28 00:00:00',39),(6915,'2016-09-29 00:00:00',39),(6916,'2016-09-30 00:00:00',39),(6917,'2016-10-01 00:00:00',39),(6918,'2016-10-02 00:00:00',39),(6919,'2016-10-03 00:00:00',39),(6920,'2016-10-04 00:00:00',39),(6921,'2016-10-05 00:00:00',39),(6922,'2016-10-06 00:00:00',39),(6923,'2016-10-07 00:00:00',39),(6924,'2016-10-08 00:00:00',39),(6925,'2016-10-09 00:00:00',39),(6926,'2016-10-10 00:00:00',39),(6927,'2016-10-11 00:00:00',39),(6928,'2016-10-12 00:00:00',39),(6929,'2016-10-13 00:00:00',39),(6930,'2016-10-14 00:00:00',39),(6931,'2016-10-15 00:00:00',39),(6932,'2016-10-16 00:00:00',39),(6933,'2016-10-17 00:00:00',39),(6934,'2016-10-18 00:00:00',39),(6935,'2016-10-19 00:00:00',39),(6936,'2016-10-20 00:00:00',39),(6937,'2016-10-21 00:00:00',39),(6938,'2016-10-22 00:00:00',39),(6939,'2016-10-23 00:00:00',39),(6940,'2016-10-24 00:00:00',39),(6941,'2016-10-25 00:00:00',39),(6942,'2016-10-26 00:00:00',39),(6943,'2016-10-27 00:00:00',39),(6944,'2016-10-28 00:00:00',39),(6945,'2016-10-29 00:00:00',39),(6946,'2016-10-30 00:00:00',39),(6947,'2016-10-31 00:00:00',39),(6948,'2016-11-01 00:00:00',39),(6949,'2016-11-02 00:00:00',39),(6950,'2016-11-03 00:00:00',39),(6951,'2016-11-04 00:00:00',39),(6952,'2016-11-05 00:00:00',39),(6953,'2016-11-06 00:00:00',39),(6954,'2016-11-07 00:00:00',39),(6955,'2016-11-08 00:00:00',39),(6956,'2016-11-09 00:00:00',39),(6957,'2016-11-10 00:00:00',39),(6958,'2016-11-11 00:00:00',39),(6959,'2016-11-12 00:00:00',39),(6960,'2016-11-13 00:00:00',39),(6961,'2016-11-14 00:00:00',39),(6962,'2016-11-15 00:00:00',39),(6963,'2016-11-16 00:00:00',39),(6964,'2016-11-17 00:00:00',39),(6965,'2016-11-18 00:00:00',39),(6966,'2016-11-19 00:00:00',39),(6967,'2016-11-20 00:00:00',39),(6968,'2016-11-21 00:00:00',39),(6969,'2016-11-22 00:00:00',39),(6970,'2016-11-23 00:00:00',39),(6971,'2016-11-24 00:00:00',39),(6972,'2016-11-25 00:00:00',39),(6973,'2016-11-26 00:00:00',39),(6974,'2016-11-27 00:00:00',39),(6975,'2016-11-28 00:00:00',39),(6976,'2016-11-29 00:00:00',39),(6977,'2016-11-30 00:00:00',39),(6978,'2016-12-01 00:00:00',39),(6979,'2016-12-02 00:00:00',39),(6980,'2016-12-03 00:00:00',39),(6981,'2016-12-04 00:00:00',39),(6982,'2016-12-05 00:00:00',39),(6983,'2016-12-06 00:00:00',39),(6984,'2016-12-07 00:00:00',39),(6985,'2016-12-08 00:00:00',39),(6986,'2016-12-09 00:00:00',39),(6987,'2016-12-10 00:00:00',39),(6988,'2016-12-11 00:00:00',39),(6989,'2016-12-12 00:00:00',39),(6990,'2016-12-13 00:00:00',39),(6991,'2016-12-14 00:00:00',39),(6992,'2016-12-15 00:00:00',39),(6993,'2016-12-16 00:00:00',39),(6994,'2016-12-17 00:00:00',39),(6995,'2016-12-18 00:00:00',39),(6996,'2016-12-19 00:00:00',39),(6997,'2016-12-20 00:00:00',39),(6998,'2016-12-21 00:00:00',39),(6999,'2016-12-22 00:00:00',39),(7000,'2016-12-23 00:00:00',39),(7001,'2016-12-24 00:00:00',39),(7002,'2016-12-25 00:00:00',39),(7003,'2016-12-26 00:00:00',39),(7004,'2016-12-27 00:00:00',39),(7005,'2016-12-28 00:00:00',39),(7006,'2016-12-29 00:00:00',39),(7007,'2016-12-30 00:00:00',39),(7008,'2016-12-31 00:00:00',39);
/*!40000 ALTER TABLE `clinAgendaHorarioItens` ENABLE KEYS */;
UNLOCK TABLES;

--
-- Table structure for table `clinAgendaHorarioItensProfissional`
--

DROP TABLE IF EXISTS `clinAgendaHorarioItensProfissional`;
/*!40101 SET @saved_cs_client     = @@character_set_client */;
/*!40101 SET character_set_client = utf8 */;
CREATE TABLE `clinAgendaHorarioItensProfissional` (
  `id` int(11) NOT NULL AUTO_INCREMENT,
  `idProfissional` int(11) DEFAULT NULL,
  `idAgendaHorarioItens` int(11) DEFAULT NULL,
  `idTipoAgenda` int(11) DEFAULT NULL,
  `idAgendaHorario` int(11) DEFAULT NULL,
  PRIMARY KEY (`id`),
  KEY `fk_clinAgendaHorarioItensProfissional_1_idx` (`idProfissional`),
  KEY `fk_clinAgendaHorarioItensProfissional_2_idx` (`idAgendaHorarioItens`),
  KEY `fk_clinAgendaHorarioItensProfissional_3_idx` (`idTipoAgenda`),
  KEY `fk_clinAgendaHorarioItensProfissional_4_idx` (`idAgendaHorario`)
) ENGINE=InnoDB AUTO_INCREMENT=20591 DEFAULT CHARSET=latin1;
/*!40101 SET character_set_client = @saved_cs_client */;

--
-- Dumping data for table `clinAgendaHorarioItensProfissional`
--

LOCK TABLES `clinAgendaHorarioItensProfissional` WRITE;
/*!40000 ALTER TABLE `clinAgendaHorarioItensProfissional` DISABLE KEYS */;
INSERT INTO `clinAgendaHorarioItensProfissional` VALUES (18761,7,5911,1,37),(18762,7,5912,2,37),(18763,7,5913,3,37),(18764,7,5914,1,37),(18765,7,5915,1,37),(18766,7,5916,1,37),(18767,7,5917,1,37),(18768,7,5918,1,37),(18769,7,5919,2,37),(18770,7,5920,3,37),(18771,7,5921,1,37),(18772,7,5922,1,37),(18773,7,5923,1,37),(18774,7,5924,1,37),(18775,7,5925,1,37),(18776,7,5926,2,37),(18777,7,5927,3,37),(18778,7,5928,1,37),(18779,7,5929,1,37),(18780,7,5930,1,37),(18781,7,5931,1,37),(18782,7,5932,1,37),(18783,7,5933,2,37),(18784,7,5934,3,37),(18785,7,5935,1,37),(18786,7,5936,1,37),(18787,7,5937,1,37),(18788,7,5938,1,37),(18789,7,5939,1,37),(18790,7,5940,2,37),(18791,7,5941,3,37),(18792,7,5942,1,37),(18793,7,5943,1,37),(18794,7,5944,1,37),(18795,7,5945,1,37),(18796,7,5946,1,37),(18797,7,5947,2,37),(18798,7,5948,3,37),(18799,7,5949,1,37),(18800,7,5950,1,37),(18801,7,5951,1,37),(18802,7,5952,1,37),(18803,7,5953,1,37),(18804,7,5954,2,37),(18805,7,5955,3,37),(18806,7,5956,1,37),(18807,7,5957,1,37),(18808,7,5958,1,37),(18809,7,5959,1,37),(18810,7,5960,1,37),(18811,7,5961,2,37),(18812,7,5962,3,37),(18813,7,5963,1,37),(18814,7,5964,1,37),(18815,7,5965,1,37),(18816,7,5966,1,37),(18817,7,5967,1,37),(18818,7,5968,2,37),(18819,7,5969,3,37),(18820,7,5970,1,37),(18821,7,5971,1,37),(18822,7,5972,1,37),(18823,7,5973,1,37),(18824,7,5974,1,37),(18825,7,5975,2,37),(18826,7,5976,3,37),(18827,7,5977,1,37),(18828,7,5978,1,37),(18829,7,5979,1,37),(18830,7,5980,1,37),(18831,7,5981,1,37),(18832,7,5982,2,37),(18833,7,5983,3,37),(18834,7,5984,1,37),(18835,7,5985,1,37),(18836,7,5986,1,37),(18837,7,5987,1,37),(18838,7,5988,1,37),(18839,7,5989,2,37),(18840,7,5990,3,37),(18841,7,5991,1,37),(18842,7,5992,1,37),(18843,7,5993,1,37),(18844,7,5994,1,37),(18845,7,5995,1,37),(18846,7,5996,2,37),(18847,7,5997,3,37),(18848,7,5998,1,37),(18849,7,5999,1,37),(18850,7,6000,1,37),(18851,7,6001,1,37),(18852,7,6002,1,37),(18853,7,6003,2,37),(18854,7,6004,3,37),(18855,7,6005,1,37),(18856,7,6006,1,37),(18857,7,6007,1,37),(18858,7,6008,1,37),(18859,7,6009,1,37),(18860,7,6010,2,37),(18861,7,6011,3,37),(18862,7,6012,1,37),(18863,7,6013,1,37),(18864,7,6014,1,37),(18865,7,6015,1,37),(18866,7,6016,1,37),(18867,7,6017,2,37),(18868,7,6018,3,37),(18869,7,6019,1,37),(18870,7,6020,1,37),(18871,7,6021,1,37),(18872,7,6022,1,37),(18873,7,6023,1,37),(18874,7,6024,2,37),(18875,7,6025,3,37),(18876,7,6026,1,37),(18877,7,6027,1,37),(18878,7,6028,1,37),(18879,7,6029,1,37),(18880,7,6030,1,37),(18881,7,6031,2,37),(18882,7,6032,3,37),(18883,7,6033,1,37),(18884,7,6034,1,37),(18885,7,6035,1,37),(18886,7,6036,1,37),(18887,7,6037,1,37),(18888,7,6038,2,37),(18889,7,6039,3,37),(18890,7,6040,1,37),(18891,7,6041,1,37),(18892,7,6042,1,37),(18893,7,6043,1,37),(18894,7,6044,1,37),(18895,7,6045,2,37),(18896,7,6046,3,37),(18897,7,6047,1,37),(18898,7,6048,1,37),(18899,7,6049,1,37),(18900,7,6050,1,37),(18901,7,6051,1,37),(18902,7,6052,2,37),(18903,7,6053,3,37),(18904,7,6054,1,37),(18905,7,6055,1,37),(18906,7,6056,1,37),(18907,7,6057,1,37),(18908,7,6058,1,37),(18909,7,6059,2,37),(18910,7,6060,3,37),(18911,7,6061,1,37),(18912,7,6062,1,37),(18913,7,6063,1,37),(18914,7,6064,1,37),(18915,7,6065,1,37),(18916,7,6066,2,37),(18917,7,6067,3,37),(18918,7,6068,1,37),(18919,7,6069,1,37),(18920,7,6070,1,37),(18921,7,6071,1,37),(18922,7,6072,1,37),(18923,7,6073,2,37),(18924,7,6074,3,37),(18925,7,6075,1,37),(18926,7,6076,1,37),(18927,7,6077,1,37),(18928,7,6078,1,37),(18929,7,6079,1,37),(18930,7,6080,2,37),(18931,7,6081,3,37),(18932,7,6082,1,37),(18933,7,6083,1,37),(18934,7,6084,1,37),(18935,7,6085,1,37),(18936,7,6086,1,37),(18937,7,6087,2,37),(18938,7,6088,3,37),(18939,7,6089,1,37),(18940,7,6090,1,37),(18941,7,6091,1,37),(18942,7,6092,1,37),(18943,7,6093,1,37),(18944,7,6094,2,37),(18945,7,6095,3,37),(18946,7,6096,1,37),(18947,7,6097,1,37),(18948,7,6098,1,37),(18949,7,6099,1,37),(18950,7,6100,1,37),(18951,7,6101,2,37),(18952,7,6102,3,37),(18953,7,6103,1,37),(18954,7,6104,1,37),(18955,7,6105,1,37),(18956,7,6106,1,37),(18957,7,6107,1,37),(18958,7,6108,2,37),(18959,7,6109,3,37),(18960,7,6110,1,37),(18961,7,6111,1,37),(18962,7,6112,1,37),(18963,7,6113,1,37),(18964,7,6114,1,37),(18965,7,6115,2,37),(18966,7,6116,3,37),(18967,7,6117,1,37),(18968,7,6118,1,37),(18969,7,6119,1,37),(18970,7,6120,1,37),(18971,7,6121,1,37),(18972,7,6122,2,37),(18973,7,6123,3,37),(18974,7,6124,1,37),(18975,7,6125,1,37),(18976,7,6126,1,37),(18977,7,6127,1,37),(18978,7,6128,1,37),(18979,7,6129,2,37),(18980,7,6130,3,37),(18981,7,6131,1,37),(18982,7,6132,1,37),(18983,7,6133,1,37),(18984,7,6134,1,37),(18985,7,6135,1,37),(18986,7,6136,2,37),(18987,7,6137,3,37),(18988,7,6138,1,37),(18989,7,6139,1,37),(18990,7,6140,1,37),(18991,7,6141,1,37),(18992,7,6142,1,37),(18993,7,6143,2,37),(18994,7,6144,3,37),(18995,7,6145,1,37),(18996,7,6146,1,37),(18997,7,6147,1,37),(18998,7,6148,1,37),(18999,7,6149,1,37),(19000,7,6150,2,37),(19001,7,6151,3,37),(19002,7,6152,1,37),(19003,7,6153,1,37),(19004,7,6154,1,37),(19005,7,6155,1,37),(19006,7,6156,1,37),(19007,7,6157,2,37),(19008,7,6158,3,37),(19009,7,6159,1,37),(19010,7,6160,1,37),(19011,7,6161,1,37),(19012,7,6162,1,37),(19013,7,6163,1,37),(19014,7,6164,2,37),(19015,7,6165,3,37),(19016,7,6166,1,37),(19017,7,6167,1,37),(19018,7,6168,1,37),(19019,7,6169,1,37),(19020,7,6170,1,37),(19021,7,6171,2,37),(19022,7,6172,3,37),(19023,7,6173,1,37),(19024,7,6174,1,37),(19025,7,6175,1,37),(19026,7,6176,1,37),(19027,7,6177,1,37),(19028,7,6178,2,37),(19029,7,6179,3,37),(19030,7,6180,1,37),(19031,7,6181,1,37),(19032,7,6182,1,37),(19033,7,6183,1,37),(19034,7,6184,1,37),(19035,7,6185,2,37),(19036,7,6186,3,37),(19037,7,6187,1,37),(19038,7,6188,1,37),(19039,7,6189,1,37),(19040,7,6190,1,37),(19041,7,6191,1,37),(19042,7,6192,2,37),(19043,7,6193,3,37),(19044,7,6194,1,37),(19045,7,6195,1,37),(19046,7,6196,1,37),(19047,7,6197,1,37),(19048,7,6198,1,37),(19049,7,6199,2,37),(19050,7,6200,3,37),(19051,7,6201,1,37),(19052,7,6202,1,37),(19053,7,6203,1,37),(19054,7,6204,1,37),(19055,7,6205,1,37),(19056,7,6206,2,37),(19057,7,6207,3,37),(19058,7,6208,1,37),(19059,7,6209,1,37),(19060,7,6210,1,37),(19061,7,6211,1,37),(19062,7,6212,1,37),(19063,7,6213,2,37),(19064,7,6214,3,37),(19065,7,6215,1,37),(19066,7,6216,1,37),(19067,7,6217,1,37),(19068,7,6218,1,37),(19069,7,6219,1,37),(19070,7,6220,2,37),(19071,7,6221,3,37),(19072,7,6222,1,37),(19073,7,6223,1,37),(19074,7,6224,1,37),(19075,7,6225,1,37),(19076,7,6226,1,37),(19077,7,6227,2,37),(19078,7,6228,3,37),(19079,7,6229,1,37),(19080,7,6230,1,37),(19081,7,6231,1,37),(19082,7,6232,1,37),(19083,7,6233,1,37),(19084,7,6234,2,37),(19085,7,6235,3,37),(19086,7,6236,1,37),(19087,7,6237,1,37),(19088,7,6238,1,37),(19089,7,6239,1,37),(19090,7,6240,1,37),(19091,7,6241,2,37),(19092,7,6242,3,37),(19093,7,6243,1,37),(19094,7,6244,1,37),(19095,7,6245,1,37),(19096,7,6246,1,37),(19097,7,6247,1,37),(19098,7,6248,2,37),(19099,7,6249,3,37),(19100,7,6250,1,37),(19101,7,6251,1,37),(19102,7,6252,1,37),(19103,7,6253,1,37),(19104,7,6254,1,37),(19105,7,6255,2,37),(19106,7,6256,3,37),(19107,7,6257,1,37),(19108,7,6258,1,37),(19109,7,6259,1,37),(19110,7,6260,1,37),(19111,7,6261,1,37),(19112,7,6262,2,37),(19113,7,6263,3,37),(19114,7,6264,1,37),(19115,7,6265,1,37),(19116,7,6266,1,37),(19117,7,6267,1,37),(19118,7,6268,1,37),(19119,7,6269,2,37),(19120,7,6270,3,37),(19121,7,6271,1,37),(19122,7,6272,1,37),(19123,7,6273,1,37),(19124,7,6274,1,37),(19125,7,6275,1,37),(19126,7,6276,2,37),(19127,8,6277,1,38),(19128,7,6277,1,38),(19129,8,6278,2,38),(19130,7,6278,2,38),(19131,8,6279,3,38),(19132,7,6279,3,38),(19133,8,6280,1,38),(19134,7,6280,1,38),(19135,8,6281,1,38),(19136,7,6281,1,38),(19137,8,6282,1,38),(19138,7,6282,1,38),(19139,8,6283,1,38),(19140,7,6283,1,38),(19141,8,6284,1,38),(19142,7,6284,1,38),(19143,8,6285,2,38),(19144,7,6285,2,38),(19145,8,6286,3,38),(19146,7,6286,3,38),(19147,8,6287,1,38),(19148,7,6287,1,38),(19149,8,6288,1,38),(19150,7,6288,1,38),(19151,8,6289,1,38),(19152,7,6289,1,38),(19153,8,6290,1,38),(19154,7,6290,1,38),(19155,8,6291,1,38),(19156,7,6291,1,38),(19157,8,6292,2,38),(19158,7,6292,2,38),(19159,8,6293,3,38),(19160,7,6293,3,38),(19161,8,6294,1,38),(19162,7,6294,1,38),(19163,8,6295,1,38),(19164,7,6295,1,38),(19165,8,6296,1,38),(19166,7,6296,1,38),(19167,8,6297,1,38),(19168,7,6297,1,38),(19169,8,6298,1,38),(19170,7,6298,1,38),(19171,8,6299,2,38),(19172,7,6299,2,38),(19173,8,6300,3,38),(19174,7,6300,3,38),(19175,8,6301,1,38),(19176,7,6301,1,38),(19177,8,6302,1,38),(19178,7,6302,1,38),(19179,8,6303,1,38),(19180,7,6303,1,38),(19181,8,6304,1,38),(19182,7,6304,1,38),(19183,8,6305,1,38),(19184,7,6305,1,38),(19185,8,6306,2,38),(19186,7,6306,2,38),(19187,8,6307,3,38),(19188,7,6307,3,38),(19189,8,6308,1,38),(19190,7,6308,1,38),(19191,8,6309,1,38),(19192,7,6309,1,38),(19193,8,6310,1,38),(19194,7,6310,1,38),(19195,8,6311,1,38),(19196,7,6311,1,38),(19197,8,6312,1,38),(19198,7,6312,1,38),(19199,8,6313,2,38),(19200,7,6313,2,38),(19201,8,6314,3,38),(19202,7,6314,3,38),(19203,8,6315,1,38),(19204,7,6315,1,38),(19205,8,6316,1,38),(19206,7,6316,1,38),(19207,8,6317,1,38),(19208,7,6317,1,38),(19209,8,6318,1,38),(19210,7,6318,1,38),(19211,8,6319,1,38),(19212,7,6319,1,38),(19213,8,6320,2,38),(19214,7,6320,2,38),(19215,8,6321,3,38),(19216,7,6321,3,38),(19217,8,6322,1,38),(19218,7,6322,1,38),(19219,8,6323,1,38),(19220,7,6323,1,38),(19221,8,6324,1,38),(19222,7,6324,1,38),(19223,8,6325,1,38),(19224,7,6325,1,38),(19225,8,6326,1,38),(19226,7,6326,1,38),(19227,8,6327,2,38),(19228,7,6327,2,38),(19229,8,6328,3,38),(19230,7,6328,3,38),(19231,8,6329,1,38),(19232,7,6329,1,38),(19233,8,6330,1,38),(19234,7,6330,1,38),(19235,8,6331,1,38),(19236,7,6331,1,38),(19237,8,6332,1,38),(19238,7,6332,1,38),(19239,8,6333,1,38),(19240,7,6333,1,38),(19241,8,6334,2,38),(19242,7,6334,2,38),(19243,8,6335,3,38),(19244,7,6335,3,38),(19245,8,6336,1,38),(19246,7,6336,1,38),(19247,8,6337,1,38),(19248,7,6337,1,38),(19249,8,6338,1,38),(19250,7,6338,1,38),(19251,8,6339,1,38),(19252,7,6339,1,38),(19253,8,6340,1,38),(19254,7,6340,1,38),(19255,8,6341,2,38),(19256,7,6341,2,38),(19257,8,6342,3,38),(19258,7,6342,3,38),(19259,8,6343,1,38),(19260,7,6343,1,38),(19261,8,6344,1,38),(19262,7,6344,1,38),(19263,8,6345,1,38),(19264,7,6345,1,38),(19265,8,6346,1,38),(19266,7,6346,1,38),(19267,8,6347,1,38),(19268,7,6347,1,38),(19269,8,6348,2,38),(19270,7,6348,2,38),(19271,8,6349,3,38),(19272,7,6349,3,38),(19273,8,6350,1,38),(19274,7,6350,1,38),(19275,8,6351,1,38),(19276,7,6351,1,38),(19277,8,6352,1,38),(19278,7,6352,1,38),(19279,8,6353,1,38),(19280,7,6353,1,38),(19281,8,6354,1,38),(19282,7,6354,1,38),(19283,8,6355,2,38),(19284,7,6355,2,38),(19285,8,6356,3,38),(19286,7,6356,3,38),(19287,8,6357,1,38),(19288,7,6357,1,38),(19289,8,6358,1,38),(19290,7,6358,1,38),(19291,8,6359,1,38),(19292,7,6359,1,38),(19293,8,6360,1,38),(19294,7,6360,1,38),(19295,8,6361,1,38),(19296,7,6361,1,38),(19297,8,6362,2,38),(19298,7,6362,2,38),(19299,8,6363,3,38),(19300,7,6363,3,38),(19301,8,6364,1,38),(19302,7,6364,1,38),(19303,8,6365,1,38),(19304,7,6365,1,38),(19305,8,6366,1,38),(19306,7,6366,1,38),(19307,8,6367,1,38),(19308,7,6367,1,38),(19309,8,6368,1,38),(19310,7,6368,1,38),(19311,8,6369,2,38),(19312,7,6369,2,38),(19313,8,6370,3,38),(19314,7,6370,3,38),(19315,8,6371,1,38),(19316,7,6371,1,38),(19317,8,6372,1,38),(19318,7,6372,1,38),(19319,8,6373,1,38),(19320,7,6373,1,38),(19321,8,6374,1,38),(19322,7,6374,1,38),(19323,8,6375,1,38),(19324,7,6375,1,38),(19325,8,6376,2,38),(19326,7,6376,2,38),(19327,8,6377,3,38),(19328,7,6377,3,38),(19329,8,6378,1,38),(19330,7,6378,1,38),(19331,8,6379,1,38),(19332,7,6379,1,38),(19333,8,6380,1,38),(19334,7,6380,1,38),(19335,8,6381,1,38),(19336,7,6381,1,38),(19337,8,6382,1,38),(19338,7,6382,1,38),(19339,8,6383,2,38),(19340,7,6383,2,38),(19341,8,6384,3,38),(19342,7,6384,3,38),(19343,8,6385,1,38),(19344,7,6385,1,38),(19345,8,6386,1,38),(19346,7,6386,1,38),(19347,8,6387,1,38),(19348,7,6387,1,38),(19349,8,6388,1,38),(19350,7,6388,1,38),(19351,8,6389,1,38),(19352,7,6389,1,38),(19353,8,6390,2,38),(19354,7,6390,2,38),(19355,8,6391,3,38),(19356,7,6391,3,38),(19357,8,6392,1,38),(19358,7,6392,1,38),(19359,8,6393,1,38),(19360,7,6393,1,38),(19361,8,6394,1,38),(19362,7,6394,1,38),(19363,8,6395,1,38),(19364,7,6395,1,38),(19365,8,6396,1,38),(19366,7,6396,1,38),(19367,8,6397,2,38),(19368,7,6397,2,38),(19369,8,6398,3,38),(19370,7,6398,3,38),(19371,8,6399,1,38),(19372,7,6399,1,38),(19373,8,6400,1,38),(19374,7,6400,1,38),(19375,8,6401,1,38),(19376,7,6401,1,38),(19377,8,6402,1,38),(19378,7,6402,1,38),(19379,8,6403,1,38),(19380,7,6403,1,38),(19381,8,6404,2,38),(19382,7,6404,2,38),(19383,8,6405,3,38),(19384,7,6405,3,38),(19385,8,6406,1,38),(19386,7,6406,1,38),(19387,8,6407,1,38),(19388,7,6407,1,38),(19389,8,6408,1,38),(19390,7,6408,1,38),(19391,8,6409,1,38),(19392,7,6409,1,38),(19393,8,6410,1,38),(19394,7,6410,1,38),(19395,8,6411,2,38),(19396,7,6411,2,38),(19397,8,6412,3,38),(19398,7,6412,3,38),(19399,8,6413,1,38),(19400,7,6413,1,38),(19401,8,6414,1,38),(19402,7,6414,1,38),(19403,8,6415,1,38),(19404,7,6415,1,38),(19405,8,6416,1,38),(19406,7,6416,1,38),(19407,8,6417,1,38),(19408,7,6417,1,38),(19409,8,6418,2,38),(19410,7,6418,2,38),(19411,8,6419,3,38),(19412,7,6419,3,38),(19413,8,6420,1,38),(19414,7,6420,1,38),(19415,8,6421,1,38),(19416,7,6421,1,38),(19417,8,6422,1,38),(19418,7,6422,1,38),(19419,8,6423,1,38),(19420,7,6423,1,38),(19421,8,6424,1,38),(19422,7,6424,1,38),(19423,8,6425,2,38),(19424,7,6425,2,38),(19425,8,6426,3,38),(19426,7,6426,3,38),(19427,8,6427,1,38),(19428,7,6427,1,38),(19429,8,6428,1,38),(19430,7,6428,1,38),(19431,8,6429,1,38),(19432,7,6429,1,38),(19433,8,6430,1,38),(19434,7,6430,1,38),(19435,8,6431,1,38),(19436,7,6431,1,38),(19437,8,6432,2,38),(19438,7,6432,2,38),(19439,8,6433,3,38),(19440,7,6433,3,38),(19441,8,6434,1,38),(19442,7,6434,1,38),(19443,8,6435,1,38),(19444,7,6435,1,38),(19445,8,6436,1,38),(19446,7,6436,1,38),(19447,8,6437,1,38),(19448,7,6437,1,38),(19449,8,6438,1,38),(19450,7,6438,1,38),(19451,8,6439,2,38),(19452,7,6439,2,38),(19453,8,6440,3,38),(19454,7,6440,3,38),(19455,8,6441,1,38),(19456,7,6441,1,38),(19457,8,6442,1,38),(19458,7,6442,1,38),(19459,8,6443,1,38),(19460,7,6443,1,38),(19461,8,6444,1,38),(19462,7,6444,1,38),(19463,8,6445,1,38),(19464,7,6445,1,38),(19465,8,6446,2,38),(19466,7,6446,2,38),(19467,8,6447,3,38),(19468,7,6447,3,38),(19469,8,6448,1,38),(19470,7,6448,1,38),(19471,8,6449,1,38),(19472,7,6449,1,38),(19473,8,6450,1,38),(19474,7,6450,1,38),(19475,8,6451,1,38),(19476,7,6451,1,38),(19477,8,6452,1,38),(19478,7,6452,1,38),(19479,8,6453,2,38),(19480,7,6453,2,38),(19481,8,6454,3,38),(19482,7,6454,3,38),(19483,8,6455,1,38),(19484,7,6455,1,38),(19485,8,6456,1,38),(19486,7,6456,1,38),(19487,8,6457,1,38),(19488,7,6457,1,38),(19489,8,6458,1,38),(19490,7,6458,1,38),(19491,8,6459,1,38),(19492,7,6459,1,38),(19493,8,6460,2,38),(19494,7,6460,2,38),(19495,8,6461,3,38),(19496,7,6461,3,38),(19497,8,6462,1,38),(19498,7,6462,1,38),(19499,8,6463,1,38),(19500,7,6463,1,38),(19501,8,6464,1,38),(19502,7,6464,1,38),(19503,8,6465,1,38),(19504,7,6465,1,38),(19505,8,6466,1,38),(19506,7,6466,1,38),(19507,8,6467,2,38),(19508,7,6467,2,38),(19509,8,6468,3,38),(19510,7,6468,3,38),(19511,8,6469,1,38),(19512,7,6469,1,38),(19513,8,6470,1,38),(19514,7,6470,1,38),(19515,8,6471,1,38),(19516,7,6471,1,38),(19517,8,6472,1,38),(19518,7,6472,1,38),(19519,8,6473,1,38),(19520,7,6473,1,38),(19521,8,6474,2,38),(19522,7,6474,2,38),(19523,8,6475,3,38),(19524,7,6475,3,38),(19525,8,6476,1,38),(19526,7,6476,1,38),(19527,8,6477,1,38),(19528,7,6477,1,38),(19529,8,6478,1,38),(19530,7,6478,1,38),(19531,8,6479,1,38),(19532,7,6479,1,38),(19533,8,6480,1,38),(19534,7,6480,1,38),(19535,8,6481,2,38),(19536,7,6481,2,38),(19537,8,6482,3,38),(19538,7,6482,3,38),(19539,8,6483,1,38),(19540,7,6483,1,38),(19541,8,6484,1,38),(19542,7,6484,1,38),(19543,8,6485,1,38),(19544,7,6485,1,38),(19545,8,6486,1,38),(19546,7,6486,1,38),(19547,8,6487,1,38),(19548,7,6487,1,38),(19549,8,6488,2,38),(19550,7,6488,2,38),(19551,8,6489,3,38),(19552,7,6489,3,38),(19553,8,6490,1,38),(19554,7,6490,1,38),(19555,8,6491,1,38),(19556,7,6491,1,38),(19557,8,6492,1,38),(19558,7,6492,1,38),(19559,8,6493,1,38),(19560,7,6493,1,38),(19561,8,6494,1,38),(19562,7,6494,1,38),(19563,8,6495,2,38),(19564,7,6495,2,38),(19565,8,6496,3,38),(19566,7,6496,3,38),(19567,8,6497,1,38),(19568,7,6497,1,38),(19569,8,6498,1,38),(19570,7,6498,1,38),(19571,8,6499,1,38),(19572,7,6499,1,38),(19573,8,6500,1,38),(19574,7,6500,1,38),(19575,8,6501,1,38),(19576,7,6501,1,38),(19577,8,6502,2,38),(19578,7,6502,2,38),(19579,8,6503,3,38),(19580,7,6503,3,38),(19581,8,6504,1,38),(19582,7,6504,1,38),(19583,8,6505,1,38),(19584,7,6505,1,38),(19585,8,6506,1,38),(19586,7,6506,1,38),(19587,8,6507,1,38),(19588,7,6507,1,38),(19589,8,6508,1,38),(19590,7,6508,1,38),(19591,8,6509,2,38),(19592,7,6509,2,38),(19593,8,6510,3,38),(19594,7,6510,3,38),(19595,8,6511,1,38),(19596,7,6511,1,38),(19597,8,6512,1,38),(19598,7,6512,1,38),(19599,8,6513,1,38),(19600,7,6513,1,38),(19601,8,6514,1,38),(19602,7,6514,1,38),(19603,8,6515,1,38),(19604,7,6515,1,38),(19605,8,6516,2,38),(19606,7,6516,2,38),(19607,8,6517,3,38),(19608,7,6517,3,38),(19609,8,6518,1,38),(19610,7,6518,1,38),(19611,8,6519,1,38),(19612,7,6519,1,38),(19613,8,6520,1,38),(19614,7,6520,1,38),(19615,8,6521,1,38),(19616,7,6521,1,38),(19617,8,6522,1,38),(19618,7,6522,1,38),(19619,8,6523,2,38),(19620,7,6523,2,38),(19621,8,6524,3,38),(19622,7,6524,3,38),(19623,8,6525,1,38),(19624,7,6525,1,38),(19625,8,6526,1,38),(19626,7,6526,1,38),(19627,8,6527,1,38),(19628,7,6527,1,38),(19629,8,6528,1,38),(19630,7,6528,1,38),(19631,8,6529,1,38),(19632,7,6529,1,38),(19633,8,6530,2,38),(19634,7,6530,2,38),(19635,8,6531,3,38),(19636,7,6531,3,38),(19637,8,6532,1,38),(19638,7,6532,1,38),(19639,8,6533,1,38),(19640,7,6533,1,38),(19641,8,6534,1,38),(19642,7,6534,1,38),(19643,8,6535,1,38),(19644,7,6535,1,38),(19645,8,6536,1,38),(19646,7,6536,1,38),(19647,8,6537,2,38),(19648,7,6537,2,38),(19649,8,6538,3,38),(19650,7,6538,3,38),(19651,8,6539,1,38),(19652,7,6539,1,38),(19653,8,6540,1,38),(19654,7,6540,1,38),(19655,8,6541,1,38),(19656,7,6541,1,38),(19657,8,6542,1,38),(19658,7,6542,1,38),(19659,8,6543,1,38),(19660,7,6543,1,38),(19661,8,6544,2,38),(19662,7,6544,2,38),(19663,8,6545,3,38),(19664,7,6545,3,38),(19665,8,6546,1,38),(19666,7,6546,1,38),(19667,8,6547,1,38),(19668,7,6547,1,38),(19669,8,6548,1,38),(19670,7,6548,1,38),(19671,8,6549,1,38),(19672,7,6549,1,38),(19673,8,6550,1,38),(19674,7,6550,1,38),(19675,8,6551,2,38),(19676,7,6551,2,38),(19677,8,6552,3,38),(19678,7,6552,3,38),(19679,8,6553,1,38),(19680,7,6553,1,38),(19681,8,6554,1,38),(19682,7,6554,1,38),(19683,8,6555,1,38),(19684,7,6555,1,38),(19685,8,6556,1,38),(19686,7,6556,1,38),(19687,8,6557,1,38),(19688,7,6557,1,38),(19689,8,6558,2,38),(19690,7,6558,2,38),(19691,8,6559,3,38),(19692,7,6559,3,38),(19693,8,6560,1,38),(19694,7,6560,1,38),(19695,8,6561,1,38),(19696,7,6561,1,38),(19697,8,6562,1,38),(19698,7,6562,1,38),(19699,8,6563,1,38),(19700,7,6563,1,38),(19701,8,6564,1,38),(19702,7,6564,1,38),(19703,8,6565,2,38),(19704,7,6565,2,38),(19705,8,6566,3,38),(19706,7,6566,3,38),(19707,8,6567,1,38),(19708,7,6567,1,38),(19709,8,6568,1,38),(19710,7,6568,1,38),(19711,8,6569,1,38),(19712,7,6569,1,38),(19713,8,6570,1,38),(19714,7,6570,1,38),(19715,8,6571,1,38),(19716,7,6571,1,38),(19717,8,6572,2,38),(19718,7,6572,2,38),(19719,8,6573,3,38),(19720,7,6573,3,38),(19721,8,6574,1,38),(19722,7,6574,1,38),(19723,8,6575,1,38),(19724,7,6575,1,38),(19725,8,6576,1,38),(19726,7,6576,1,38),(19727,8,6577,1,38),(19728,7,6577,1,38),(19729,8,6578,1,38),(19730,7,6578,1,38),(19731,8,6579,2,38),(19732,7,6579,2,38),(19733,8,6580,3,38),(19734,7,6580,3,38),(19735,8,6581,1,38),(19736,7,6581,1,38),(19737,8,6582,1,38),(19738,7,6582,1,38),(19739,8,6583,1,38),(19740,7,6583,1,38),(19741,8,6584,1,38),(19742,7,6584,1,38),(19743,8,6585,1,38),(19744,7,6585,1,38),(19745,8,6586,2,38),(19746,7,6586,2,38),(19747,8,6587,3,38),(19748,7,6587,3,38),(19749,8,6588,1,38),(19750,7,6588,1,38),(19751,8,6589,1,38),(19752,7,6589,1,38),(19753,8,6590,1,38),(19754,7,6590,1,38),(19755,8,6591,1,38),(19756,7,6591,1,38),(19757,8,6592,1,38),(19758,7,6592,1,38),(19759,8,6593,2,38),(19760,7,6593,2,38),(19761,8,6594,3,38),(19762,7,6594,3,38),(19763,8,6595,1,38),(19764,7,6595,1,38),(19765,8,6596,1,38),(19766,7,6596,1,38),(19767,8,6597,1,38),(19768,7,6597,1,38),(19769,8,6598,1,38),(19770,7,6598,1,38),(19771,8,6599,1,38),(19772,7,6599,1,38),(19773,8,6600,2,38),(19774,7,6600,2,38),(19775,8,6601,3,38),(19776,7,6601,3,38),(19777,8,6602,1,38),(19778,7,6602,1,38),(19779,8,6603,1,38),(19780,7,6603,1,38),(19781,8,6604,1,38),(19782,7,6604,1,38),(19783,8,6605,1,38),(19784,7,6605,1,38),(19785,8,6606,1,38),(19786,7,6606,1,38),(19787,8,6607,2,38),(19788,7,6607,2,38),(19789,8,6608,3,38),(19790,7,6608,3,38),(19791,8,6609,1,38),(19792,7,6609,1,38),(19793,8,6610,1,38),(19794,7,6610,1,38),(19795,8,6611,1,38),(19796,7,6611,1,38),(19797,8,6612,1,38),(19798,7,6612,1,38),(19799,8,6613,1,38),(19800,7,6613,1,38),(19801,8,6614,2,38),(19802,7,6614,2,38),(19803,8,6615,3,38),(19804,7,6615,3,38),(19805,8,6616,1,38),(19806,7,6616,1,38),(19807,8,6617,1,38),(19808,7,6617,1,38),(19809,8,6618,1,38),(19810,7,6618,1,38),(19811,8,6619,1,38),(19812,7,6619,1,38),(19813,8,6620,1,38),(19814,7,6620,1,38),(19815,8,6621,2,38),(19816,7,6621,2,38),(19817,8,6622,3,38),(19818,7,6622,3,38),(19819,8,6623,1,38),(19820,7,6623,1,38),(19821,8,6624,1,38),(19822,7,6624,1,38),(19823,8,6625,1,38),(19824,7,6625,1,38),(19825,8,6626,1,38),(19826,7,6626,1,38),(19827,8,6627,1,38),(19828,7,6627,1,38),(19829,8,6628,2,38),(19830,7,6628,2,38),(19831,8,6629,3,38),(19832,7,6629,3,38),(19833,8,6630,1,38),(19834,7,6630,1,38),(19835,8,6631,1,38),(19836,7,6631,1,38),(19837,8,6632,1,38),(19838,7,6632,1,38),(19839,8,6633,1,38),(19840,7,6633,1,38),(19841,8,6634,1,38),(19842,7,6634,1,38),(19843,8,6635,2,38),(19844,7,6635,2,38),(19845,8,6636,3,38),(19846,7,6636,3,38),(19847,8,6637,1,38),(19848,7,6637,1,38),(19849,8,6638,1,38),(19850,7,6638,1,38),(19851,8,6639,1,38),(19852,7,6639,1,38),(19853,8,6640,1,38),(19854,7,6640,1,38),(19855,8,6641,1,38),(19856,7,6641,1,38),(19857,8,6642,2,38),(19858,7,6642,2,38),(19859,8,6643,1,39),(19860,7,6643,1,39),(19861,8,6644,2,39),(19862,7,6644,2,39),(19863,8,6645,3,39),(19864,7,6645,3,39),(19865,8,6646,1,39),(19866,7,6646,1,39),(19867,8,6647,1,39),(19868,7,6647,1,39),(19869,8,6648,1,39),(19870,7,6648,1,39),(19871,8,6649,1,39),(19872,7,6649,1,39),(19873,8,6650,1,39),(19874,7,6650,1,39),(19875,8,6651,2,39),(19876,7,6651,2,39),(19877,8,6652,3,39),(19878,7,6652,3,39),(19879,8,6653,1,39),(19880,7,6653,1,39),(19881,8,6654,1,39),(19882,7,6654,1,39),(19883,8,6655,1,39),(19884,7,6655,1,39),(19885,8,6656,1,39),(19886,7,6656,1,39),(19887,8,6657,1,39),(19888,7,6657,1,39),(19889,8,6658,2,39),(19890,7,6658,2,39),(19891,8,6659,3,39),(19892,7,6659,3,39),(19893,8,6660,1,39),(19894,7,6660,1,39),(19895,8,6661,1,39),(19896,7,6661,1,39),(19897,8,6662,1,39),(19898,7,6662,1,39),(19899,8,6663,1,39),(19900,7,6663,1,39),(19901,8,6664,1,39),(19902,7,6664,1,39),(19903,8,6665,2,39),(19904,7,6665,2,39),(19905,8,6666,3,39),(19906,7,6666,3,39),(19907,8,6667,1,39),(19908,7,6667,1,39),(19909,8,6668,1,39),(19910,7,6668,1,39),(19911,8,6669,1,39),(19912,7,6669,1,39),(19913,8,6670,1,39),(19914,7,6670,1,39),(19915,8,6671,1,39),(19916,7,6671,1,39),(19917,8,6672,2,39),(19918,7,6672,2,39),(19919,8,6673,3,39),(19920,7,6673,3,39),(19921,8,6674,1,39),(19922,7,6674,1,39),(19923,8,6675,1,39),(19924,7,6675,1,39),(19925,8,6676,1,39),(19926,7,6676,1,39),(19927,8,6677,1,39),(19928,7,6677,1,39),(19929,8,6678,1,39),(19930,7,6678,1,39),(19931,8,6679,2,39),(19932,7,6679,2,39),(19933,8,6680,3,39),(19934,7,6680,3,39),(19935,8,6681,1,39),(19936,7,6681,1,39),(19937,8,6682,1,39),(19938,7,6682,1,39),(19939,8,6683,1,39),(19940,7,6683,1,39),(19941,8,6684,1,39),(19942,7,6684,1,39),(19943,8,6685,1,39),(19944,7,6685,1,39),(19945,8,6686,2,39),(19946,7,6686,2,39),(19947,8,6687,3,39),(19948,7,6687,3,39),(19949,8,6688,1,39),(19950,7,6688,1,39),(19951,8,6689,1,39),(19952,7,6689,1,39),(19953,8,6690,1,39),(19954,7,6690,1,39),(19955,8,6691,1,39),(19956,7,6691,1,39),(19957,8,6692,1,39),(19958,7,6692,1,39),(19959,8,6693,2,39),(19960,7,6693,2,39),(19961,8,6694,3,39),(19962,7,6694,3,39),(19963,8,6695,1,39),(19964,7,6695,1,39),(19965,8,6696,1,39),(19966,7,6696,1,39),(19967,8,6697,1,39),(19968,7,6697,1,39),(19969,8,6698,1,39),(19970,7,6698,1,39),(19971,8,6699,1,39),(19972,7,6699,1,39),(19973,8,6700,2,39),(19974,7,6700,2,39),(19975,8,6701,3,39),(19976,7,6701,3,39),(19977,8,6702,1,39),(19978,7,6702,1,39),(19979,8,6703,1,39),(19980,7,6703,1,39),(19981,8,6704,1,39),(19982,7,6704,1,39),(19983,8,6705,1,39),(19984,7,6705,1,39),(19985,8,6706,1,39),(19986,7,6706,1,39),(19987,8,6707,2,39),(19988,7,6707,2,39),(19989,8,6708,3,39),(19990,7,6708,3,39),(19991,8,6709,1,39),(19992,7,6709,1,39),(19993,8,6710,1,39),(19994,7,6710,1,39),(19995,8,6711,1,39),(19996,7,6711,1,39),(19997,8,6712,1,39),(19998,7,6712,1,39),(19999,8,6713,1,39),(20000,7,6713,1,39),(20001,8,6714,2,39),(20002,7,6714,2,39),(20003,8,6715,3,39),(20004,7,6715,3,39),(20005,8,6716,1,39),(20006,7,6716,1,39),(20007,8,6717,1,39),(20008,7,6717,1,39),(20009,8,6718,1,39),(20010,7,6718,1,39),(20011,8,6719,1,39),(20012,7,6719,1,39),(20013,8,6720,1,39),(20014,7,6720,1,39),(20015,8,6721,2,39),(20016,7,6721,2,39),(20017,8,6722,3,39),(20018,7,6722,3,39),(20019,8,6723,1,39),(20020,7,6723,1,39),(20021,8,6724,1,39),(20022,7,6724,1,39),(20023,8,6725,1,39),(20024,7,6725,1,39),(20025,8,6726,1,39),(20026,7,6726,1,39),(20027,8,6727,1,39),(20028,7,6727,1,39),(20029,8,6728,2,39),(20030,7,6728,2,39),(20031,8,6729,3,39),(20032,7,6729,3,39),(20033,8,6730,1,39),(20034,7,6730,1,39),(20035,8,6731,1,39),(20036,7,6731,1,39),(20037,8,6732,1,39),(20038,7,6732,1,39),(20039,8,6733,1,39),(20040,7,6733,1,39),(20041,8,6734,1,39),(20042,7,6734,1,39),(20043,8,6735,2,39),(20044,7,6735,2,39),(20045,8,6736,3,39),(20046,7,6736,3,39),(20047,8,6737,1,39),(20048,7,6737,1,39),(20049,8,6738,1,39),(20050,7,6738,1,39),(20051,8,6739,1,39),(20052,7,6739,1,39),(20053,8,6740,1,39),(20054,7,6740,1,39),(20055,8,6741,1,39),(20056,7,6741,1,39),(20057,8,6742,2,39),(20058,7,6742,2,39),(20059,8,6743,3,39),(20060,7,6743,3,39),(20061,8,6744,1,39),(20062,7,6744,1,39),(20063,8,6745,1,39),(20064,7,6745,1,39),(20065,8,6746,1,39),(20066,7,6746,1,39),(20067,8,6747,1,39),(20068,7,6747,1,39),(20069,8,6748,1,39),(20070,7,6748,1,39),(20071,8,6749,2,39),(20072,7,6749,2,39),(20073,8,6750,3,39),(20074,7,6750,3,39),(20075,8,6751,1,39),(20076,7,6751,1,39),(20077,8,6752,1,39),(20078,7,6752,1,39),(20079,8,6753,1,39),(20080,7,6753,1,39),(20081,8,6754,1,39),(20082,7,6754,1,39),(20083,8,6755,1,39),(20084,7,6755,1,39),(20085,8,6756,2,39),(20086,7,6756,2,39),(20087,8,6757,3,39),(20088,7,6757,3,39),(20089,8,6758,1,39),(20090,7,6758,1,39),(20091,8,6759,1,39),(20092,7,6759,1,39),(20093,8,6760,1,39),(20094,7,6760,1,39),(20095,8,6761,1,39),(20096,7,6761,1,39),(20097,8,6762,1,39),(20098,7,6762,1,39),(20099,8,6763,2,39),(20100,7,6763,2,39),(20101,8,6764,3,39),(20102,7,6764,3,39),(20103,8,6765,1,39),(20104,7,6765,1,39),(20105,8,6766,1,39),(20106,7,6766,1,39),(20107,8,6767,1,39),(20108,7,6767,1,39),(20109,8,6768,1,39),(20110,7,6768,1,39),(20111,8,6769,1,39),(20112,7,6769,1,39),(20113,8,6770,2,39),(20114,7,6770,2,39),(20115,8,6771,3,39),(20116,7,6771,3,39),(20117,8,6772,1,39),(20118,7,6772,1,39),(20119,8,6773,1,39),(20120,7,6773,1,39),(20121,8,6774,1,39),(20122,7,6774,1,39),(20123,8,6775,1,39),(20124,7,6775,1,39),(20125,8,6776,1,39),(20126,7,6776,1,39),(20127,8,6777,2,39),(20128,7,6777,2,39),(20129,8,6778,3,39),(20130,7,6778,3,39),(20131,8,6779,1,39),(20132,7,6779,1,39),(20133,8,6780,1,39),(20134,7,6780,1,39),(20135,8,6781,1,39),(20136,7,6781,1,39),(20137,8,6782,1,39),(20138,7,6782,1,39),(20139,8,6783,1,39),(20140,7,6783,1,39),(20141,8,6784,2,39),(20142,7,6784,2,39),(20143,8,6785,3,39),(20144,7,6785,3,39),(20145,8,6786,1,39),(20146,7,6786,1,39),(20147,8,6787,1,39),(20148,7,6787,1,39),(20149,8,6788,1,39),(20150,7,6788,1,39),(20151,8,6789,1,39),(20152,7,6789,1,39),(20153,8,6790,1,39),(20154,7,6790,1,39),(20155,8,6791,2,39),(20156,7,6791,2,39),(20157,8,6792,3,39),(20158,7,6792,3,39),(20159,8,6793,1,39),(20160,7,6793,1,39),(20161,8,6794,1,39),(20162,7,6794,1,39),(20163,8,6795,1,39),(20164,7,6795,1,39),(20165,8,6796,1,39),(20166,7,6796,1,39),(20167,8,6797,1,39),(20168,7,6797,1,39),(20169,8,6798,2,39),(20170,7,6798,2,39),(20171,8,6799,3,39),(20172,7,6799,3,39),(20173,8,6800,1,39),(20174,7,6800,1,39),(20175,8,6801,1,39),(20176,7,6801,1,39),(20177,8,6802,1,39),(20178,7,6802,1,39),(20179,8,6803,1,39),(20180,7,6803,1,39),(20181,8,6804,1,39),(20182,7,6804,1,39),(20183,8,6805,2,39),(20184,7,6805,2,39),(20185,8,6806,3,39),(20186,7,6806,3,39),(20187,8,6807,1,39),(20188,7,6807,1,39),(20189,8,6808,1,39),(20190,7,6808,1,39),(20191,8,6809,1,39),(20192,7,6809,1,39),(20193,8,6810,1,39),(20194,7,6810,1,39),(20195,8,6811,1,39),(20196,7,6811,1,39),(20197,8,6812,2,39),(20198,7,6812,2,39),(20199,8,6813,3,39),(20200,7,6813,3,39),(20201,8,6814,1,39),(20202,7,6814,1,39),(20203,8,6815,1,39),(20204,7,6815,1,39),(20205,8,6816,1,39),(20206,7,6816,1,39),(20207,8,6817,1,39),(20208,7,6817,1,39),(20209,8,6818,1,39),(20210,7,6818,1,39),(20211,8,6819,2,39),(20212,7,6819,2,39),(20213,8,6820,3,39),(20214,7,6820,3,39),(20215,8,6821,1,39),(20216,7,6821,1,39),(20217,8,6822,1,39),(20218,7,6822,1,39),(20219,8,6823,1,39),(20220,7,6823,1,39),(20221,8,6824,1,39),(20222,7,6824,1,39),(20223,8,6825,1,39),(20224,7,6825,1,39),(20225,8,6826,2,39),(20226,7,6826,2,39),(20227,8,6827,3,39),(20228,7,6827,3,39),(20229,8,6828,1,39),(20230,7,6828,1,39),(20231,8,6829,1,39),(20232,7,6829,1,39),(20233,8,6830,1,39),(20234,7,6830,1,39),(20235,8,6831,1,39),(20236,7,6831,1,39),(20237,8,6832,1,39),(20238,7,6832,1,39),(20239,8,6833,2,39),(20240,7,6833,2,39),(20241,8,6834,3,39),(20242,7,6834,3,39),(20243,8,6835,1,39),(20244,7,6835,1,39),(20245,8,6836,1,39),(20246,7,6836,1,39),(20247,8,6837,1,39),(20248,7,6837,1,39),(20249,8,6838,1,39),(20250,7,6838,1,39),(20251,8,6839,1,39),(20252,7,6839,1,39),(20253,8,6840,2,39),(20254,7,6840,2,39),(20255,8,6841,3,39),(20256,7,6841,3,39),(20257,8,6842,1,39),(20258,7,6842,1,39),(20259,8,6843,1,39),(20260,7,6843,1,39),(20261,8,6844,1,39),(20262,7,6844,1,39),(20263,8,6845,1,39),(20264,7,6845,1,39),(20265,8,6846,1,39),(20266,7,6846,1,39),(20267,8,6847,2,39),(20268,7,6847,2,39),(20269,8,6848,3,39),(20270,7,6848,3,39),(20271,8,6849,1,39),(20272,7,6849,1,39),(20273,8,6850,1,39),(20274,7,6850,1,39),(20275,8,6851,1,39),(20276,7,6851,1,39),(20277,8,6852,1,39),(20278,7,6852,1,39),(20279,8,6853,1,39),(20280,7,6853,1,39),(20281,8,6854,2,39),(20282,7,6854,2,39),(20283,8,6855,3,39),(20284,7,6855,3,39),(20285,8,6856,1,39),(20286,7,6856,1,39),(20287,8,6857,1,39),(20288,7,6857,1,39),(20289,8,6858,1,39),(20290,7,6858,1,39),(20291,8,6859,1,39),(20292,7,6859,1,39),(20293,8,6860,1,39),(20294,7,6860,1,39),(20295,8,6861,2,39),(20296,7,6861,2,39),(20297,8,6862,3,39),(20298,7,6862,3,39),(20299,8,6863,1,39),(20300,7,6863,1,39),(20301,8,6864,1,39),(20302,7,6864,1,39),(20303,8,6865,1,39),(20304,7,6865,1,39),(20305,8,6866,1,39),(20306,7,6866,1,39),(20307,8,6867,1,39),(20308,7,6867,1,39),(20309,8,6868,2,39),(20310,7,6868,2,39),(20311,8,6869,3,39),(20312,7,6869,3,39),(20313,8,6870,1,39),(20314,7,6870,1,39),(20315,8,6871,1,39),(20316,7,6871,1,39),(20317,8,6872,1,39),(20318,7,6872,1,39),(20319,8,6873,1,39),(20320,7,6873,1,39),(20321,8,6874,1,39),(20322,7,6874,1,39),(20323,8,6875,2,39),(20324,7,6875,2,39),(20325,8,6876,3,39),(20326,7,6876,3,39),(20327,8,6877,1,39),(20328,7,6877,1,39),(20329,8,6878,1,39),(20330,7,6878,1,39),(20331,8,6879,1,39),(20332,7,6879,1,39),(20333,8,6880,1,39),(20334,7,6880,1,39),(20335,8,6881,1,39),(20336,7,6881,1,39),(20337,8,6882,2,39),(20338,7,6882,2,39),(20339,8,6883,3,39),(20340,7,6883,3,39),(20341,8,6884,1,39),(20342,7,6884,1,39),(20343,8,6885,1,39),(20344,7,6885,1,39),(20345,8,6886,1,39),(20346,7,6886,1,39),(20347,8,6887,1,39),(20348,7,6887,1,39),(20349,8,6888,1,39),(20350,7,6888,1,39),(20351,8,6889,2,39),(20352,7,6889,2,39),(20353,8,6890,3,39),(20354,7,6890,3,39),(20355,8,6891,1,39),(20356,7,6891,1,39),(20357,8,6892,1,39),(20358,7,6892,1,39),(20359,8,6893,1,39),(20360,7,6893,1,39),(20361,8,6894,1,39),(20362,7,6894,1,39),(20363,8,6895,1,39),(20364,7,6895,1,39),(20365,8,6896,2,39),(20366,7,6896,2,39),(20367,8,6897,3,39),(20368,7,6897,3,39),(20369,8,6898,1,39),(20370,7,6898,1,39),(20371,8,6899,1,39),(20372,7,6899,1,39),(20373,8,6900,1,39),(20374,7,6900,1,39),(20375,8,6901,1,39),(20376,7,6901,1,39),(20377,8,6902,1,39),(20378,7,6902,1,39),(20379,8,6903,2,39),(20380,7,6903,2,39),(20381,8,6904,3,39),(20382,7,6904,3,39),(20383,8,6905,1,39),(20384,7,6905,1,39),(20385,8,6906,1,39),(20386,7,6906,1,39),(20387,8,6907,1,39),(20388,7,6907,1,39),(20389,8,6908,1,39),(20390,7,6908,1,39),(20391,8,6909,1,39),(20392,7,6909,1,39),(20393,8,6910,2,39),(20394,7,6910,2,39),(20395,8,6911,3,39),(20396,7,6911,3,39),(20397,8,6912,1,39),(20398,7,6912,1,39),(20399,8,6913,1,39),(20400,7,6913,1,39),(20401,8,6914,1,39),(20402,7,6914,1,39),(20403,8,6915,1,39),(20404,7,6915,1,39),(20405,8,6916,1,39),(20406,7,6916,1,39),(20407,8,6917,2,39),(20408,7,6917,2,39),(20409,8,6918,3,39),(20410,7,6918,3,39),(20411,8,6919,1,39),(20412,7,6919,1,39),(20413,8,6920,1,39),(20414,7,6920,1,39),(20415,8,6921,1,39),(20416,7,6921,1,39),(20417,8,6922,1,39),(20418,7,6922,1,39),(20419,8,6923,1,39),(20420,7,6923,1,39),(20421,8,6924,2,39),(20422,7,6924,2,39),(20423,8,6925,3,39),(20424,7,6925,3,39),(20425,8,6926,1,39),(20426,7,6926,1,39),(20427,8,6927,1,39),(20428,7,6927,1,39),(20429,8,6928,1,39),(20430,7,6928,1,39),(20431,8,6929,1,39),(20432,7,6929,1,39),(20433,8,6930,1,39),(20434,7,6930,1,39),(20435,8,6931,2,39),(20436,7,6931,2,39),(20437,8,6932,3,39),(20438,7,6932,3,39),(20439,8,6933,1,39),(20440,7,6933,1,39),(20441,8,6934,1,39),(20442,7,6934,1,39),(20443,8,6935,1,39),(20444,7,6935,1,39),(20445,8,6936,1,39),(20446,7,6936,1,39),(20447,8,6937,1,39),(20448,7,6937,1,39),(20449,8,6938,2,39),(20450,7,6938,2,39),(20451,8,6939,3,39),(20452,7,6939,3,39),(20453,8,6940,1,39),(20454,7,6940,1,39),(20455,8,6941,1,39),(20456,7,6941,1,39),(20457,8,6942,1,39),(20458,7,6942,1,39),(20459,8,6943,1,39),(20460,7,6943,1,39),(20461,8,6944,1,39),(20462,7,6944,1,39),(20463,8,6945,2,39),(20464,7,6945,2,39),(20465,8,6946,3,39),(20466,7,6946,3,39),(20467,8,6947,1,39),(20468,7,6947,1,39),(20469,8,6948,1,39),(20470,7,6948,1,39),(20471,8,6949,1,39),(20472,7,6949,1,39),(20473,8,6950,1,39),(20474,7,6950,1,39),(20475,8,6951,1,39),(20476,7,6951,1,39),(20477,8,6952,2,39),(20478,7,6952,2,39),(20479,8,6953,3,39),(20480,7,6953,3,39),(20481,8,6954,1,39),(20482,7,6954,1,39),(20483,8,6955,1,39),(20484,7,6955,1,39),(20485,8,6956,1,39),(20486,7,6956,1,39),(20487,8,6957,1,39),(20488,7,6957,1,39),(20489,8,6958,1,39),(20490,7,6958,1,39),(20491,8,6959,2,39),(20492,7,6959,2,39),(20493,8,6960,3,39),(20494,7,6960,3,39),(20495,8,6961,1,39),(20496,7,6961,1,39),(20497,8,6962,1,39),(20498,7,6962,1,39),(20499,8,6963,1,39),(20500,7,6963,1,39),(20501,8,6964,1,39),(20502,7,6964,1,39),(20503,8,6965,1,39),(20504,7,6965,1,39),(20505,8,6966,2,39),(20506,7,6966,2,39),(20507,8,6967,3,39),(20508,7,6967,3,39),(20509,8,6968,1,39),(20510,7,6968,1,39),(20511,8,6969,1,39),(20512,7,6969,1,39),(20513,8,6970,1,39),(20514,7,6970,1,39),(20515,8,6971,1,39),(20516,7,6971,1,39),(20517,8,6972,1,39),(20518,7,6972,1,39),(20519,8,6973,2,39),(20520,7,6973,2,39),(20521,8,6974,3,39),(20522,7,6974,3,39),(20523,8,6975,1,39),(20524,7,6975,1,39),(20525,8,6976,1,39),(20526,7,6976,1,39),(20527,8,6977,1,39),(20528,7,6977,1,39),(20529,8,6978,1,39),(20530,7,6978,1,39),(20531,8,6979,1,39),(20532,7,6979,1,39),(20533,8,6980,2,39),(20534,7,6980,2,39),(20535,8,6981,3,39),(20536,7,6981,3,39),(20537,8,6982,1,39),(20538,7,6982,1,39),(20539,8,6983,1,39),(20540,7,6983,1,39),(20541,8,6984,1,39),(20542,7,6984,1,39),(20543,8,6985,1,39),(20544,7,6985,1,39),(20545,8,6986,1,39),(20546,7,6986,1,39),(20547,8,6987,2,39),(20548,7,6987,2,39),(20549,8,6988,3,39),(20550,7,6988,3,39),(20551,8,6989,1,39),(20552,7,6989,1,39),(20553,8,6990,1,39),(20554,7,6990,1,39),(20555,8,6991,1,39),(20556,7,6991,1,39),(20557,8,6992,1,39),(20558,7,6992,1,39),(20559,8,6993,1,39),(20560,7,6993,1,39),(20561,8,6994,2,39),(20562,7,6994,2,39),(20563,8,6995,3,39),(20564,7,6995,3,39),(20565,8,6996,1,39),(20566,7,6996,1,39),(20567,8,6997,1,39),(20568,7,6997,1,39),(20569,8,6998,1,39),(20570,7,6998,1,39),(20571,8,6999,1,39),(20572,7,6999,1,39),(20573,8,7000,1,39),(20574,7,7000,1,39),(20575,8,7001,2,39),(20576,7,7001,2,39),(20577,8,7002,3,39),(20578,7,7002,3,39),(20579,8,7003,1,39),(20580,7,7003,1,39),(20581,8,7004,1,39),(20582,7,7004,1,39),(20583,8,7005,1,39),(20584,7,7005,1,39),(20585,8,7006,1,39),(20586,7,7006,1,39),(20587,8,7007,1,39),(20588,7,7007,1,39),(20589,8,7008,2,39),(20590,7,7008,2,39);
/*!40000 ALTER TABLE `clinAgendaHorarioItensProfissional` ENABLE KEYS */;
UNLOCK TABLES;

--
-- Table structure for table `clinCliente`
--

DROP TABLE IF EXISTS `clinCliente`;
/*!40101 SET @saved_cs_client     = @@character_set_client */;
/*!40101 SET character_set_client = utf8 */;
CREATE TABLE `clinCliente` (
  `idCliente` int(11) NOT NULL AUTO_INCREMENT,
  `dsCliente` varchar(45) DEFAULT NULL,
  `dsContato` varchar(45) DEFAULT NULL,
  `dsFone` varchar(45) DEFAULT NULL,
  `dsEmail` varchar(150) DEFAULT NULL,
  `dsCelular` varchar(45) DEFAULT NULL,
  `dsFoneContato` varchar(30) DEFAULT NULL,
  `dsEndereco` varchar(45) DEFAULT NULL,
  `dsCidade` varchar(45) DEFAULT NULL,
  `cdCEP` varchar(9) DEFAULT NULL,
  `cdUF` varchar(2) DEFAULT NULL,
  `cdCNPJ` varchar(45) DEFAULT NULL,
  `idTipoCliente` int(11) DEFAULT NULL,
  `stStatus` tinyint(4) DEFAULT '1',
  `dsBairro` varchar(45) DEFAULT NULL,
  `idStatusCliente` int(11) DEFAULT NULL,
  `nrRG` varchar(15) DEFAULT NULL,
  `dtNascimento` date DEFAULT NULL,
  `nrProntuario` int(11) DEFAULT NULL,
  PRIMARY KEY (`idCliente`),
  KEY `fk_clinCliente_1_idx` (`idTipoCliente`),
  CONSTRAINT `fk_clinCliente_1` FOREIGN KEY (`idTipoCliente`) REFERENCES `clinTipoCliente` (`idTipoCliente`) ON DELETE NO ACTION ON UPDATE NO ACTION
) ENGINE=InnoDB AUTO_INCREMENT=5 DEFAULT CHARSET=latin1;
/*!40101 SET character_set_client = @saved_cs_client */;

--
-- Dumping data for table `clinCliente`
--

LOCK TABLES `clinCliente` WRITE;
/*!40000 ALTER TABLE `clinCliente` DISABLE KEYS */;
INSERT INTO `clinCliente` VALUES (1,'JOSE DOS REIS LEMOS','REIS','1140250575','jreislemos@outlook.com','11972593753','1140567890','RUA INES NOVELLI DE ALMEIDA, 398','ITU','13313513','SP','03316622802',1,1,'Araguaia',1,NULL,NULL,1),(2,'MARIETA SEVERO',NULL,'164563245','marieta@severa.com.br','16980879867',NULL,'RUA DA SILVA, 45','MONTE ALTO','434343434','SP','3423423423',2,1,'CENTRO',1,NULL,NULL,2),(4,'FRANCISCA DA SILVA',NULL,NULL,NULL,'11967653451',NULL,NULL,NULL,NULL,NULL,NULL,NULL,1,NULL,1,NULL,NULL,3);
/*!40000 ALTER TABLE `clinCliente` ENABLE KEYS */;
UNLOCK TABLES;

--
-- Table structure for table `clinDespesa`
--

DROP TABLE IF EXISTS `clinDespesa`;
/*!40101 SET @saved_cs_client     = @@character_set_client */;
/*!40101 SET character_set_client = utf8 */;
CREATE TABLE `clinDespesa` (
  `idDespesa` int(11) NOT NULL AUTO_INCREMENT,
  `idTipoDespesa` int(11) DEFAULT NULL,
  `dsDespesa` varchar(45) DEFAULT NULL,
  PRIMARY KEY (`idDespesa`)
) ENGINE=InnoDB AUTO_INCREMENT=14 DEFAULT CHARSET=latin1;
/*!40101 SET character_set_client = @saved_cs_client */;

--
-- Dumping data for table `clinDespesa`
--

LOCK TABLES `clinDespesa` WRITE;
/*!40000 ALTER TABLE `clinDespesa` DISABLE KEYS */;
INSERT INTO `clinDespesa` VALUES (1,1,'Combustivel'),(2,1,'Manuteno no carro'),(3,1,'Documentacao carro'),(4,2,'Aluguel'),(5,2,'IPTU'),(6,2,'Condominio'),(7,2,'Internet'),(8,3,'Bioflash'),(9,4,'Buona Vita'),(10,4,'Itumed'),(11,4,'Embalagens santana'),(12,5,'Marcela'),(13,5,'Temporrias');
/*!40000 ALTER TABLE `clinDespesa` ENABLE KEYS */;
UNLOCK TABLES;

--
-- Table structure for table `clinFinanceiro`
--

DROP TABLE IF EXISTS `clinFinanceiro`;
/*!40101 SET @saved_cs_client     = @@character_set_client */;
/*!40101 SET character_set_client = utf8 */;
CREATE TABLE `clinFinanceiro` (
  `idFinanceiro` int(11) NOT NULL AUTO_INCREMENT,
  `idFormaPagamento` int(11) NOT NULL,
  `idAgenda` int(11) DEFAULT NULL,
  `idCliente` int(11) DEFAULT NULL,
  `dtFinanceiro` datetime DEFAULT NULL,
  `vlFinanceiro` decimal(9,2) DEFAULT NULL,
  `idProfissional` int(11) DEFAULT NULL,
  `stTipo` varchar(1) DEFAULT NULL,
  `idDespesa` int(11) DEFAULT NULL,
  `idReceita` int(11) DEFAULT NULL,
  `dsObservacao` varchar(255) DEFAULT NULL,
  `idFornecedor` int(11) DEFAULT NULL,
  PRIMARY KEY (`idFinanceiro`),
  KEY `fk_clinFinanceiro_1_idx` (`idFinanceiro`)
) ENGINE=InnoDB AUTO_INCREMENT=18 DEFAULT CHARSET=latin1;
/*!40101 SET character_set_client = @saved_cs_client */;

--
-- Dumping data for table `clinFinanceiro`
--

LOCK TABLES `clinFinanceiro` WRITE;
/*!40000 ALTER TABLE `clinFinanceiro` DISABLE KEYS */;
INSERT INTO `clinFinanceiro` VALUES (3,1,13,2,'2016-05-28 00:00:00',180.00,7,'C',NULL,NULL,NULL,NULL),(4,1,14,1,'2016-05-30 00:00:00',60.00,7,'C',NULL,NULL,NULL,NULL),(5,1,2,2,'2016-05-28 00:00:00',45.00,7,'C',NULL,NULL,NULL,NULL),(6,1,23,2,'2016-05-30 00:00:00',60.00,7,'C',NULL,NULL,NULL,NULL),(7,1,18,1,'2016-05-31 00:00:00',120.00,7,'C',NULL,NULL,NULL,NULL),(8,1,25,1,'2016-05-31 00:00:00',60.00,7,'C',NULL,NULL,NULL,NULL),(9,1,26,2,'2016-05-31 00:00:00',150.00,7,'C',NULL,NULL,NULL,NULL),(10,1,3,1,'2016-06-01 00:00:00',555.00,7,'C',NULL,5,'TESTE',NULL),(13,1,32,4,'2016-06-01 00:00:00',4.00,7,'C',NULL,1,'FOTODEPILAO',NULL),(14,1,33,2,'2016-06-01 00:00:00',320.00,7,'C',NULL,9,'RADIO FREQUENCIA - ROSTO',NULL),(15,0,NULL,NULL,'2016-06-01 00:00:00',60.00,NULL,'D',4,NULL,'TESTE',3),(16,1,NULL,4,'2016-06-01 00:00:00',30.00,NULL,'C',NULL,10,'DEVOLUO',NULL),(17,1,NULL,NULL,'2016-06-01 00:00:00',34.00,NULL,'D',5,NULL,'teste',3);
/*!40000 ALTER TABLE `clinFinanceiro` ENABLE KEYS */;
UNLOCK TABLES;

--
-- Table structure for table `clinFormaPagamento`
--

DROP TABLE IF EXISTS `clinFormaPagamento`;
/*!40101 SET @saved_cs_client     = @@character_set_client */;
/*!40101 SET character_set_client = utf8 */;
CREATE TABLE `clinFormaPagamento` (
  `idFormaPagamento` int(11) NOT NULL AUTO_INCREMENT,
  `dsFormaPagamento` varchar(50) NOT NULL,
  PRIMARY KEY (`idFormaPagamento`),
  KEY `fk_clinFormaPagamento_1_idx` (`idFormaPagamento`)
) ENGINE=InnoDB AUTO_INCREMENT=3 DEFAULT CHARSET=latin1;
/*!40101 SET character_set_client = @saved_cs_client */;

--
-- Dumping data for table `clinFormaPagamento`
--

LOCK TABLES `clinFormaPagamento` WRITE;
/*!40000 ALTER TABLE `clinFormaPagamento` DISABLE KEYS */;
INSERT INTO `clinFormaPagamento` VALUES (1,'Dinheiro'),(2,'Cheque');
/*!40000 ALTER TABLE `clinFormaPagamento` ENABLE KEYS */;
UNLOCK TABLES;

--
-- Table structure for table `clinFornecedor`
--

DROP TABLE IF EXISTS `clinFornecedor`;
/*!40101 SET @saved_cs_client     = @@character_set_client */;
/*!40101 SET character_set_client = utf8 */;
CREATE TABLE `clinFornecedor` (
  `idFornecedor` int(11) NOT NULL AUTO_INCREMENT,
  `dsFornecedor` varchar(45) DEFAULT NULL,
  `dsContato` varchar(45) DEFAULT NULL,
  `dsFone` varchar(45) DEFAULT NULL,
  `dsEmail` varchar(150) DEFAULT NULL,
  `dsCelular` varchar(45) DEFAULT NULL,
  `dsFoneContato` varchar(30) DEFAULT NULL,
  `dsEndereco` varchar(45) DEFAULT NULL,
  `dsCidade` varchar(45) DEFAULT NULL,
  `cdCEP` varchar(9) DEFAULT NULL,
  `cdUF` varchar(2) DEFAULT NULL,
  `cdCNPJ` varchar(45) DEFAULT NULL,
  `idTipoFornecedor` int(11) DEFAULT NULL,
  `stStatus` tinyint(4) DEFAULT '1',
  `dsBairro` varchar(45) DEFAULT NULL,
  `idStatusFornecedor` int(11) DEFAULT NULL,
  `nrRG` varchar(15) DEFAULT NULL,
  `dtNascimento` date DEFAULT NULL,
  `dsSite` varchar(150) DEFAULT NULL,
  PRIMARY KEY (`idFornecedor`),
  KEY `fk_clinFornecedor_1_idx` (`idTipoFornecedor`),
  CONSTRAINT `fk_clinFornecedor_1` FOREIGN KEY (`idTipoFornecedor`) REFERENCES `clinTipoFornecedor` (`idTipoFornecedor`) ON DELETE NO ACTION ON UPDATE NO ACTION
) ENGINE=InnoDB AUTO_INCREMENT=5 DEFAULT CHARSET=latin1;
/*!40101 SET character_set_client = @saved_cs_client */;

--
-- Dumping data for table `clinFornecedor`
--

LOCK TABLES `clinFornecedor` WRITE;
/*!40000 ALTER TABLE `clinFornecedor` DISABLE KEYS */;
INSERT INTO `clinFornecedor` VALUES (3,'Embalagens santana','Alvaro',NULL,'alvaro@embalagenssantana.com.br','11987896572',NULL,NULL,'ITU',NULL,'SP',NULL,5,1,NULL,NULL,NULL,NULL,'www.embalagenssantana.com.br'),(4,'Val',NULL,NULL,NULL,NULL,NULL,NULL,NULL,NULL,NULL,NULL,6,1,NULL,NULL,NULL,NULL,NULL);
/*!40000 ALTER TABLE `clinFornecedor` ENABLE KEYS */;
UNLOCK TABLES;

--
-- Table structure for table `clinLog`
--

DROP TABLE IF EXISTS `clinLog`;
/*!40101 SET @saved_cs_client     = @@character_set_client */;
/*!40101 SET character_set_client = utf8 */;
CREATE TABLE `clinLog` (
  `idLog` int(11) NOT NULL AUTO_INCREMENT COMMENT 'codigo do log',
  `idUsuario` int(11) NOT NULL COMMENT 'codigo do usuario',
  `mensagem` varchar(255) COLLATE utf8_bin NOT NULL COMMENT 'mensagem do log',
  `idLogTipo` int(11) NOT NULL COMMENT 'tipo da operacao',
  `data` datetime DEFAULT NULL COMMENT 'Data do Log',
  `stStatus` tinyint(4) DEFAULT '1',
  PRIMARY KEY (`idLog`,`idUsuario`),
  KEY `fk_clinLog_1_idx` (`idLogTipo`),
  KEY `fk_clinLog_2_idx` (`idUsuario`),
  CONSTRAINT `fk_clinLog_1` FOREIGN KEY (`idLogTipo`) REFERENCES `clinLogTipo` (`idLogTipo`) ON DELETE NO ACTION ON UPDATE NO ACTION,
  CONSTRAINT `fk_clinLog_2` FOREIGN KEY (`idUsuario`) REFERENCES `clinUsuarios` (`idUsuario`) ON DELETE NO ACTION ON UPDATE NO ACTION
) ENGINE=InnoDB DEFAULT CHARSET=utf8 COLLATE=utf8_bin AVG_ROW_LENGTH=139 COMMENT='Log do Sistema';
/*!40101 SET character_set_client = @saved_cs_client */;

--
-- Dumping data for table `clinLog`
--

LOCK TABLES `clinLog` WRITE;
/*!40000 ALTER TABLE `clinLog` DISABLE KEYS */;
/*!40000 ALTER TABLE `clinLog` ENABLE KEYS */;
UNLOCK TABLES;

--
-- Table structure for table `clinLogTipo`
--

DROP TABLE IF EXISTS `clinLogTipo`;
/*!40101 SET @saved_cs_client     = @@character_set_client */;
/*!40101 SET character_set_client = utf8 */;
CREATE TABLE `clinLogTipo` (
  `idLogTipo` int(11) NOT NULL AUTO_INCREMENT COMMENT 'codigo do tipo do log',
  `descricao` varchar(50) COLLATE utf8_bin NOT NULL COMMENT 'descricao do tipo do log',
  `data` datetime NOT NULL,
  `stStatus` tinyint(4) DEFAULT '1',
  PRIMARY KEY (`idLogTipo`)
) ENGINE=InnoDB AUTO_INCREMENT=6 DEFAULT CHARSET=utf8 COLLATE=utf8_bin AVG_ROW_LENGTH=1092 COMMENT='Tipos de log';
/*!40101 SET character_set_client = @saved_cs_client */;

--
-- Dumping data for table `clinLogTipo`
--

LOCK TABLES `clinLogTipo` WRITE;
/*!40000 ALTER TABLE `clinLogTipo` DISABLE KEYS */;
INSERT INTO `clinLogTipo` VALUES (1,'Erro login','2016-01-20 00:00:00',1),(2,'Vago','2016-01-20 00:00:00',1),(3,'Vago','2016-01-20 00:00:00',1),(4,'Vago','2016-01-20 00:00:00',1),(5,'Vago','2016-01-20 00:00:00',1);
/*!40000 ALTER TABLE `clinLogTipo` ENABLE KEYS */;
UNLOCK TABLES;

--
-- Table structure for table `clinMenu`
--

DROP TABLE IF EXISTS `clinMenu`;
/*!40101 SET @saved_cs_client     = @@character_set_client */;
/*!40101 SET character_set_client = utf8 */;
CREATE TABLE `clinMenu` (
  `idMenu` int(11) NOT NULL AUTO_INCREMENT COMMENT 'Codigo de Menu',
  `url` varchar(100) COLLATE utf8_bin DEFAULT NULL COMMENT 'Caminho no Controller',
  `descricao` varchar(45) COLLATE utf8_bin DEFAULT NULL COMMENT 'Descricao do Menu',
  `status` int(11) DEFAULT '1' COMMENT 'Situacao do Registro (1-Ativo 0-Excluido)',
  `parent_menu` int(11) DEFAULT '0' COMMENT 'Codigo Menus Pais de Itens de Menu',
  `tipo` int(11) DEFAULT '1' COMMENT 'Tipo de Menu (1-Pai 0-Filho)',
  `target` varchar(50) COLLATE utf8_bin DEFAULT NULL COMMENT 'Redirecionamento de Chamada',
  `ordem` tinyint(4) DEFAULT NULL,
  PRIMARY KEY (`idMenu`),
  KEY `idx_1` (`idMenu`,`parent_menu`,`status`)
) ENGINE=InnoDB AUTO_INCREMENT=31 DEFAULT CHARSET=utf8 COLLATE=utf8_bin AVG_ROW_LENGTH=264 COMMENT='Menu do Sistema';
/*!40101 SET character_set_client = @saved_cs_client */;

--
-- Dumping data for table `clinMenu`
--

LOCK TABLES `clinMenu` WRITE;
/*!40000 ALTER TABLE `clinMenu` DISABLE KEYS */;
INSERT INTO `clinMenu` VALUES (1,'#','Administrao',1,0,1,NULL,1),(2,'/menu','Menu',1,1,0,NULL,3),(3,'#','Cadastros Bsicos',1,0,1,NULL,2),(4,'/usuarios','Cadastro de Usurios',1,1,0,NULL,2),(5,'/perfil','Perfil do Usurio',1,1,0,NULL,2),(6,'/tipousuario','Tipo de Usurio',1,1,0,NULL,1),(7,'/cliente','Clientes',1,3,0,NULL,5),(8,'/tipocliente','Tipo de Cliente',1,3,0,NULL,1),(9,'/tipotratamento','Tipo de Tratamento',1,3,0,NULL,2),(10,'/tratamento','Tratamentos',1,3,0,NULL,4),(11,'/statuscliente','Status do Cliente',1,3,0,NULL,3),(12,'/tipoagenda','Tipo de Agenda',1,13,0,NULL,1),(13,'#','Agenda',1,0,1,NULL,3),(14,'#','Financeiro',1,0,1,NULL,4),(15,'/formapagamento','Forma de Pagamento',1,14,0,NULL,1),(16,'/statusagenda','Status da Agenda',0,13,0,NULL,2),(17,'/statusagenda','Status da Agenda',1,13,0,NULL,2),(18,'/agendahorario','Abrir Agenda Anual',1,13,0,NULL,3),(19,'/profissional','Profissionais',1,3,0,NULL,6),(20,'/tipodespesa','Tipo de Despesas',1,14,0,NULL,2),(21,'/tiporeceita','Tipos de Receitas',1,14,0,NULL,3),(22,'/despesa','Despesas',1,14,0,NULL,4),(23,'/receita','Receitas',1,14,0,NULL,5),(24,'/receitasdespesas','Receitas e Despesas por Perodo',1,14,0,NULL,8),(25,'/fornecedor','Fornecedores',1,3,0,NULL,10),(26,'/tipofornecedor','Tipo de Fornecedor',1,3,0,NULL,9),(27,'/lancardespesa','Lanamento de Depesas',0,14,0,NULL,7),(28,'/lancarreceita','Lanamento de Receitas',0,14,0,NULL,6),(29,'/lancardespesa','Lanar Despesas',1,14,0,NULL,7),(30,'/lancarreceita','Lanar Receitas',1,14,0,NULL,6);
/*!40000 ALTER TABLE `clinMenu` ENABLE KEYS */;
UNLOCK TABLES;

--
-- Table structure for table `clinMovAgenda`
--

DROP TABLE IF EXISTS `clinMovAgenda`;
/*!40101 SET @saved_cs_client     = @@character_set_client */;
/*!40101 SET character_set_client = utf8 */;
CREATE TABLE `clinMovAgenda` (
  `idMovAgenda` int(11) NOT NULL AUTO_INCREMENT,
  `idAgenda` int(11) DEFAULT NULL,
  `idStatusAgenda` int(11) DEFAULT NULL,
  `dtMovAgenda` datetime DEFAULT NULL,
  PRIMARY KEY (`idMovAgenda`),
  KEY `fk_clinMovAgenda_1_idx` (`idMovAgenda`)
) ENGINE=InnoDB DEFAULT CHARSET=latin1;
/*!40101 SET character_set_client = @saved_cs_client */;

--
-- Dumping data for table `clinMovAgenda`
--

LOCK TABLES `clinMovAgenda` WRITE;
/*!40000 ALTER TABLE `clinMovAgenda` DISABLE KEYS */;
/*!40000 ALTER TABLE `clinMovAgenda` ENABLE KEYS */;
UNLOCK TABLES;

--
-- Table structure for table `clinPerfil`
--

DROP TABLE IF EXISTS `clinPerfil`;
/*!40101 SET @saved_cs_client     = @@character_set_client */;
/*!40101 SET character_set_client = utf8 */;
CREATE TABLE `clinPerfil` (
  `idPerfil` int(11) NOT NULL AUTO_INCREMENT COMMENT 'codigo do perfil',
  `dsPerfil` varchar(50) COLLATE utf8_bin DEFAULT NULL COMMENT 'descricao do perfil',
  `stStatus` int(11) NOT NULL DEFAULT '1' COMMENT 'Situacao do Registro (1-Ativo 0-Excluido)',
  PRIMARY KEY (`idPerfil`)
) ENGINE=InnoDB AUTO_INCREMENT=2 DEFAULT CHARSET=utf8 COLLATE=utf8_bin AVG_ROW_LENGTH=4096 COMMENT='Perfis de Usuarios';
/*!40101 SET character_set_client = @saved_cs_client */;

--
-- Dumping data for table `clinPerfil`
--

LOCK TABLES `clinPerfil` WRITE;
/*!40000 ALTER TABLE `clinPerfil` DISABLE KEYS */;
INSERT INTO `clinPerfil` VALUES (1,'Administrador',1);
/*!40000 ALTER TABLE `clinPerfil` ENABLE KEYS */;
UNLOCK TABLES;

--
-- Table structure for table `clinPerfilMenu`
--

DROP TABLE IF EXISTS `clinPerfilMenu`;
/*!40101 SET @saved_cs_client     = @@character_set_client */;
/*!40101 SET character_set_client = utf8 */;
CREATE TABLE `clinPerfilMenu` (
  `idPerfil` int(11) DEFAULT NULL COMMENT 'Codigo do Perfil',
  `idMenu` int(11) DEFAULT NULL COMMENT 'Codigo do Item de Menu',
  `stStatus` tinyint(4) DEFAULT '1',
  KEY `fk_clinPerfilMenu_1_idx` (`idPerfil`),
  KEY `fk_clinPerfilMenu_2_idx` (`idMenu`),
  CONSTRAINT `fk_clinPerfilMenu_1` FOREIGN KEY (`idPerfil`) REFERENCES `clinPerfil` (`idPerfil`) ON DELETE NO ACTION ON UPDATE NO ACTION,
  CONSTRAINT `fk_clinPerfilMenu_2` FOREIGN KEY (`idMenu`) REFERENCES `clinMenu` (`idMenu`) ON DELETE NO ACTION ON UPDATE NO ACTION
) ENGINE=InnoDB DEFAULT CHARSET=utf8 COLLATE=utf8_bin AVG_ROW_LENGTH=303 COMMENT='Itens de Menus Por Perfis';
/*!40101 SET character_set_client = @saved_cs_client */;

--
-- Dumping data for table `clinPerfilMenu`
--

LOCK TABLES `clinPerfilMenu` WRITE;
/*!40000 ALTER TABLE `clinPerfilMenu` DISABLE KEYS */;
INSERT INTO `clinPerfilMenu` VALUES (1,1,1),(1,2,1),(1,3,1),(1,4,1),(1,5,1),(1,6,1),(1,7,1),(1,8,1),(1,9,1),(1,10,1),(1,11,1),(1,12,1),(1,13,1),(1,14,1),(1,15,1),(1,17,1),(1,18,1),(1,19,1),(1,20,1),(1,21,1),(1,22,1),(1,23,1),(1,23,1),(1,25,1),(1,24,1),(1,26,1),(1,28,1),(1,27,1),(1,30,1),(1,29,1);
/*!40000 ALTER TABLE `clinPerfilMenu` ENABLE KEYS */;
UNLOCK TABLES;

--
-- Table structure for table `clinProfissional`
--

DROP TABLE IF EXISTS `clinProfissional`;
/*!40101 SET @saved_cs_client     = @@character_set_client */;
/*!40101 SET character_set_client = utf8 */;
CREATE TABLE `clinProfissional` (
  `idProfissional` int(11) NOT NULL AUTO_INCREMENT,
  `dsProfissional` varchar(45) DEFAULT NULL,
  `idUsuario` int(11) DEFAULT NULL,
  `dsEmail` varchar(45) DEFAULT NULL,
  `stStatus` tinyint(4) DEFAULT '1',
  `hrEntrada` time DEFAULT NULL,
  `hrSaida` time DEFAULT NULL,
  `qtHorasDia` float DEFAULT NULL,
  `stFazParteAgenda` tinyint(4) DEFAULT '0',
  `dsCelular` varchar(30) DEFAULT NULL,
  `dsCargo` varchar(45) DEFAULT NULL,
  PRIMARY KEY (`idProfissional`),
  KEY `fk_clinProfissional_1_idx` (`idUsuario`),
  CONSTRAINT `fk_clinProfissional_1` FOREIGN KEY (`idUsuario`) REFERENCES `clinUsuarios` (`idUsuario`) ON DELETE NO ACTION ON UPDATE NO ACTION
) ENGINE=InnoDB AUTO_INCREMENT=9 DEFAULT CHARSET=latin1;
/*!40101 SET character_set_client = @saved_cs_client */;

--
-- Dumping data for table `clinProfissional`
--

LOCK TABLES `clinProfissional` WRITE;
/*!40000 ALTER TABLE `clinProfissional` DISABLE KEYS */;
INSERT INTO `clinProfissional` VALUES (7,'ROSANA',1,'rosanacsl@outlook.com',1,NULL,NULL,8,1,'11942019727','Fisioterapeuta'),(8,'Marcela',NULL,'ttttert',1,NULL,NULL,8,1,'334343','Fisio');
/*!40000 ALTER TABLE `clinProfissional` ENABLE KEYS */;
UNLOCK TABLES;

--
-- Table structure for table `clinReceita`
--

DROP TABLE IF EXISTS `clinReceita`;
/*!40101 SET @saved_cs_client     = @@character_set_client */;
/*!40101 SET character_set_client = utf8 */;
CREATE TABLE `clinReceita` (
  `idReceita` int(11) NOT NULL AUTO_INCREMENT,
  `idTipoReceita` int(11) DEFAULT NULL,
  `dsReceita` varchar(45) DEFAULT NULL,
  PRIMARY KEY (`idReceita`)
) ENGINE=InnoDB AUTO_INCREMENT=13 DEFAULT CHARSET=latin1;
/*!40101 SET character_set_client = @saved_cs_client */;

--
-- Dumping data for table `clinReceita`
--

LOCK TABLES `clinReceita` WRITE;
/*!40000 ALTER TABLE `clinReceita` DISABLE KEYS */;
INSERT INTO `clinReceita` VALUES (1,1,'Fotodepilao'),(2,2,'Peeling'),(3,2,'Limpesa de pele'),(4,3,'Massagem modeladora'),(5,3,'Drenagem'),(6,3,'Ps operatrio'),(7,3,'Manthus'),(8,2,'Radio Frequencia Facial'),(9,3,'Radio Frequencia Corporal'),(10,4,'Outras entradas'),(11,4,'Avaliao'),(12,2,'Fotorejuvenescimento');
/*!40000 ALTER TABLE `clinReceita` ENABLE KEYS */;
UNLOCK TABLES;

--
-- Table structure for table `clinStatusAgenda`
--

DROP TABLE IF EXISTS `clinStatusAgenda`;
/*!40101 SET @saved_cs_client     = @@character_set_client */;
/*!40101 SET character_set_client = utf8 */;
CREATE TABLE `clinStatusAgenda` (
  `idStatusAgenda` int(11) NOT NULL AUTO_INCREMENT,
  `dsStatusAgenda` varchar(45) DEFAULT NULL,
  `dsCor` varchar(15) DEFAULT NULL,
  PRIMARY KEY (`idStatusAgenda`),
  KEY `fk_clinStatusAgenda_1_idx` (`idStatusAgenda`)
) ENGINE=InnoDB AUTO_INCREMENT=7 DEFAULT CHARSET=latin1;
/*!40101 SET character_set_client = @saved_cs_client */;

--
-- Dumping data for table `clinStatusAgenda`
--

LOCK TABLES `clinStatusAgenda` WRITE;
/*!40000 ALTER TABLE `clinStatusAgenda` DISABLE KEYS */;
INSERT INTO `clinStatusAgenda` VALUES (1,'AGENDADA','#FFFFF'),(2,'CONFIRMADA','#41720C'),(3,'DESMARCADA','#FF69B4'),(4,'REMARCADA','#FFA500'),(5,'CANCELADA','#FF0000'),(6,'ATENDIDO','#0000FF');
/*!40000 ALTER TABLE `clinStatusAgenda` ENABLE KEYS */;
UNLOCK TABLES;

--
-- Table structure for table `clinStatusCliente`
--

DROP TABLE IF EXISTS `clinStatusCliente`;
/*!40101 SET @saved_cs_client     = @@character_set_client */;
/*!40101 SET character_set_client = utf8 */;
CREATE TABLE `clinStatusCliente` (
  `idStatusCliente` int(11) NOT NULL AUTO_INCREMENT,
  `dsStatusCliente` varchar(45) DEFAULT NULL,
  PRIMARY KEY (`idStatusCliente`)
) ENGINE=InnoDB AUTO_INCREMENT=8 DEFAULT CHARSET=latin1;
/*!40101 SET character_set_client = @saved_cs_client */;

--
-- Dumping data for table `clinStatusCliente`
--

LOCK TABLES `clinStatusCliente` WRITE;
/*!40000 ALTER TABLE `clinStatusCliente` DISABLE KEYS */;
INSERT INTO `clinStatusCliente` VALUES (1,'Avaliao'),(2,'Ativo'),(5,'Terminou tratamento'),(6,'Cancelou/parou tratamento'),(7,'Inacessvel');
/*!40000 ALTER TABLE `clinStatusCliente` ENABLE KEYS */;
UNLOCK TABLES;

--
-- Table structure for table `clinTipoAgenda`
--

DROP TABLE IF EXISTS `clinTipoAgenda`;
/*!40101 SET @saved_cs_client     = @@character_set_client */;
/*!40101 SET character_set_client = utf8 */;
CREATE TABLE `clinTipoAgenda` (
  `idTipoAgenda` int(11) NOT NULL AUTO_INCREMENT,
  `dsTipoAgenda` varchar(45) DEFAULT NULL,
  `dsResumida` varchar(3) DEFAULT NULL,
  `dsCor` varchar(20) DEFAULT NULL,
  PRIMARY KEY (`idTipoAgenda`)
) ENGINE=InnoDB AUTO_INCREMENT=10 DEFAULT CHARSET=latin1;
/*!40101 SET character_set_client = @saved_cs_client */;

--
-- Dumping data for table `clinTipoAgenda`
--

LOCK TABLES `clinTipoAgenda` WRITE;
/*!40000 ALTER TABLE `clinTipoAgenda` DISABLE KEYS */;
INSERT INTO `clinTipoAgenda` VALUES (1,'Trabalho','NOR','#F0FFFF'),(2,'Sabado','SAB','#D82A1D'),(3,'Domingo','DOM','#D82A1D'),(4,'Folga','FOL','#FF9800'),(5,'Ausente','AUS','#FFFFF'),(6,'Particular','PAR','#3F51B5'),(7,'Frias','FEE','#07DDFF'),(8,'Feriado','FER','#FFEB3B'),(9,'Fora da Empresa','FEM','#9EDFBE');
/*!40000 ALTER TABLE `clinTipoAgenda` ENABLE KEYS */;
UNLOCK TABLES;

--
-- Table structure for table `clinTipoCliente`
--

DROP TABLE IF EXISTS `clinTipoCliente`;
/*!40101 SET @saved_cs_client     = @@character_set_client */;
/*!40101 SET character_set_client = utf8 */;
CREATE TABLE `clinTipoCliente` (
  `idTipoCliente` int(11) NOT NULL AUTO_INCREMENT,
  `dsTipoCliente` varchar(45) DEFAULT NULL,
  PRIMARY KEY (`idTipoCliente`)
) ENGINE=InnoDB AUTO_INCREMENT=3 DEFAULT CHARSET=latin1;
/*!40101 SET character_set_client = @saved_cs_client */;

--
-- Dumping data for table `clinTipoCliente`
--

LOCK TABLES `clinTipoCliente` WRITE;
/*!40000 ALTER TABLE `clinTipoCliente` DISABLE KEYS */;
INSERT INTO `clinTipoCliente` VALUES (1,'Itu'),(2,'Monte Alto');
/*!40000 ALTER TABLE `clinTipoCliente` ENABLE KEYS */;
UNLOCK TABLES;

--
-- Table structure for table `clinTipoDespesa`
--

DROP TABLE IF EXISTS `clinTipoDespesa`;
/*!40101 SET @saved_cs_client     = @@character_set_client */;
/*!40101 SET character_set_client = utf8 */;
CREATE TABLE `clinTipoDespesa` (
  `idTipoDespesa` int(11) NOT NULL AUTO_INCREMENT,
  `dsTipoDespesa` varchar(45) DEFAULT NULL,
  PRIMARY KEY (`idTipoDespesa`)
) ENGINE=InnoDB AUTO_INCREMENT=6 DEFAULT CHARSET=latin1;
/*!40101 SET character_set_client = @saved_cs_client */;

--
-- Dumping data for table `clinTipoDespesa`
--

LOCK TABLES `clinTipoDespesa` WRITE;
/*!40000 ALTER TABLE `clinTipoDespesa` DISABLE KEYS */;
INSERT INTO `clinTipoDespesa` VALUES (1,'Locomoo'),(2,'Predial'),(3,'Equipamentos'),(4,'Fornecedores'),(5,'Mo de Obra');
/*!40000 ALTER TABLE `clinTipoDespesa` ENABLE KEYS */;
UNLOCK TABLES;

--
-- Table structure for table `clinTipoFornecedor`
--

DROP TABLE IF EXISTS `clinTipoFornecedor`;
/*!40101 SET @saved_cs_client     = @@character_set_client */;
/*!40101 SET character_set_client = utf8 */;
CREATE TABLE `clinTipoFornecedor` (
  `idTipoFornecedor` int(11) NOT NULL AUTO_INCREMENT,
  `dsTipoFornecedor` varchar(45) DEFAULT NULL,
  PRIMARY KEY (`idTipoFornecedor`)
) ENGINE=InnoDB AUTO_INCREMENT=7 DEFAULT CHARSET=latin1;
/*!40101 SET character_set_client = @saved_cs_client */;

--
-- Dumping data for table `clinTipoFornecedor`
--

LOCK TABLES `clinTipoFornecedor` WRITE;
/*!40000 ALTER TABLE `clinTipoFornecedor` DISABLE KEYS */;
INSERT INTO `clinTipoFornecedor` VALUES (3,'Fornecedor de Equipamentos'),(4,'Fornecedor de Mo de Obra'),(5,'Fornecedor de Insumos'),(6,'Diversos');
/*!40000 ALTER TABLE `clinTipoFornecedor` ENABLE KEYS */;
UNLOCK TABLES;

--
-- Table structure for table `clinTipoReceita`
--

DROP TABLE IF EXISTS `clinTipoReceita`;
/*!40101 SET @saved_cs_client     = @@character_set_client */;
/*!40101 SET character_set_client = utf8 */;
CREATE TABLE `clinTipoReceita` (
  `idTipoReceita` int(11) NOT NULL AUTO_INCREMENT,
  `dsTipoReceita` varchar(45) DEFAULT NULL,
  PRIMARY KEY (`idTipoReceita`)
) ENGINE=InnoDB AUTO_INCREMENT=5 DEFAULT CHARSET=latin1;
/*!40101 SET character_set_client = @saved_cs_client */;

--
-- Dumping data for table `clinTipoReceita`
--

LOCK TABLES `clinTipoReceita` WRITE;
/*!40000 ALTER TABLE `clinTipoReceita` DISABLE KEYS */;
INSERT INTO `clinTipoReceita` VALUES (1,'Fotodepilao'),(2,'Tratamentos faciais'),(3,'Tratamentos corporais'),(4,'Outras Receitas');
/*!40000 ALTER TABLE `clinTipoReceita` ENABLE KEYS */;
UNLOCK TABLES;

--
-- Table structure for table `clinTipoTratamento`
--

DROP TABLE IF EXISTS `clinTipoTratamento`;
/*!40101 SET @saved_cs_client     = @@character_set_client */;
/*!40101 SET character_set_client = utf8 */;
CREATE TABLE `clinTipoTratamento` (
  `idTipoTratamento` int(11) NOT NULL AUTO_INCREMENT,
  `dsTipoTratamento` varchar(45) DEFAULT NULL,
  PRIMARY KEY (`idTipoTratamento`),
  KEY `fk_clinTipoTratamento_1_idx` (`idTipoTratamento`)
) ENGINE=InnoDB AUTO_INCREMENT=4 DEFAULT CHARSET=latin1;
/*!40101 SET character_set_client = @saved_cs_client */;

--
-- Dumping data for table `clinTipoTratamento`
--

LOCK TABLES `clinTipoTratamento` WRITE;
/*!40000 ALTER TABLE `clinTipoTratamento` DISABLE KEYS */;
INSERT INTO `clinTipoTratamento` VALUES (1,'Corporal'),(2,'Facial'),(3,'Fotodepilao');
/*!40000 ALTER TABLE `clinTipoTratamento` ENABLE KEYS */;
UNLOCK TABLES;

--
-- Table structure for table `clinTipoUsuario`
--

DROP TABLE IF EXISTS `clinTipoUsuario`;
/*!40101 SET @saved_cs_client     = @@character_set_client */;
/*!40101 SET character_set_client = utf8 */;
CREATE TABLE `clinTipoUsuario` (
  `idTipoUsuario` int(11) NOT NULL AUTO_INCREMENT,
  `dsTipoUsuario` varchar(45) DEFAULT NULL,
  `stInclui` tinyint(4) DEFAULT NULL,
  `stAltera` tinyint(4) DEFAULT NULL,
  `stExclui` tinyint(4) DEFAULT NULL,
  `stConsulta` tinyint(4) DEFAULT NULL,
  `stStatus` tinyint(4) DEFAULT '1',
  PRIMARY KEY (`idTipoUsuario`)
) ENGINE=InnoDB AUTO_INCREMENT=2 DEFAULT CHARSET=latin1;
/*!40101 SET character_set_client = @saved_cs_client */;

--
-- Dumping data for table `clinTipoUsuario`
--

LOCK TABLES `clinTipoUsuario` WRITE;
/*!40000 ALTER TABLE `clinTipoUsuario` DISABLE KEYS */;
INSERT INTO `clinTipoUsuario` VALUES (1,'ADMINISTRADOR',1,1,1,1,1);
/*!40000 ALTER TABLE `clinTipoUsuario` ENABLE KEYS */;
UNLOCK TABLES;

--
-- Table structure for table `clinTratamento`
--

DROP TABLE IF EXISTS `clinTratamento`;
/*!40101 SET @saved_cs_client     = @@character_set_client */;
/*!40101 SET character_set_client = utf8 */;
CREATE TABLE `clinTratamento` (
  `idTratamento` int(11) NOT NULL AUTO_INCREMENT,
  `dsTratamento` varchar(45) DEFAULT NULL,
  `vlTratamento` decimal(9,2) DEFAULT NULL,
  `dsTempo` varchar(20) DEFAULT NULL,
  `idTipoTratamento` int(11) DEFAULT NULL,
  `idReceita` int(11) DEFAULT NULL,
  PRIMARY KEY (`idTratamento`),
  KEY `fk_clinTratamento_1_idx` (`idTipoTratamento`),
  CONSTRAINT `fk_clinTratamento_1` FOREIGN KEY (`idTipoTratamento`) REFERENCES `clinTipoTratamento` (`idTipoTratamento`) ON DELETE NO ACTION ON UPDATE NO ACTION
) ENGINE=InnoDB AUTO_INCREMENT=10 DEFAULT CHARSET=latin1;
/*!40101 SET character_set_client = @saved_cs_client */;

--
-- Dumping data for table `clinTratamento`
--

LOCK TABLES `clinTratamento` WRITE;
/*!40000 ALTER TABLE `clinTratamento` DISABLE KEYS */;
INSERT INTO `clinTratamento` VALUES (1,'FOTODEPILAO',60.00,'15 MIN',3,1),(2,'PEELING DE DIAMANTE',75.00,'90 MIN',2,2),(3,'LIMPEZA FACIAL',90.00,'90 MIN',2,3),(4,'RADIO FREQUENCIA',90.00,'60 MIN',1,9),(5,'RADIO FREQUENCIA FACIAL',70.00,'60 MIN',2,8),(6,'AVALIAO PARA FOTODEPILAO',0.00,'60 MIN',3,11),(7,'AVALIAO PARA TRATAMENTO FACIAL',0.00,'60 MIN',2,11),(8,'AVALIAO PARA TRATAMENTO CORPORAL',0.00,'60 MIN',1,11),(9,'FOTOREJUVENESCIMENTO',80.00,'60 MIN',2,12);
/*!40000 ALTER TABLE `clinTratamento` ENABLE KEYS */;
UNLOCK TABLES;

--
-- Table structure for table `clinUsuarioPerfil`
--

DROP TABLE IF EXISTS `clinUsuarioPerfil`;
/*!40101 SET @saved_cs_client     = @@character_set_client */;
/*!40101 SET character_set_client = utf8 */;
CREATE TABLE `clinUsuarioPerfil` (
  `idUsuarioPerfil` int(11) NOT NULL AUTO_INCREMENT COMMENT 'Codigo do Perfil do Usuario',
  `idUsuario` int(11) NOT NULL COMMENT 'Codigo do Usuario',
  `idPerfil` int(11) NOT NULL COMMENT 'Codigo do Perfil',
  `stStatus` tinyint(4) NOT NULL DEFAULT '1' COMMENT 'Situacao do Registro (1-Ativo 0-Excluido)',
  PRIMARY KEY (`idUsuarioPerfil`),
  KEY `fk_clinUsuarioPerfil_1_idx` (`idUsuario`),
  KEY `fk_clinUsuarioPerfil_2_idx` (`idPerfil`),
  CONSTRAINT `fk_clinUsuarioPerfil_1` FOREIGN KEY (`idUsuario`) REFERENCES `clinUsuarios` (`idUsuario`) ON DELETE NO ACTION ON UPDATE NO ACTION,
  CONSTRAINT `fk_clinUsuarioPerfil_2` FOREIGN KEY (`idPerfil`) REFERENCES `clinPerfil` (`idPerfil`) ON DELETE NO ACTION ON UPDATE NO ACTION
) ENGINE=InnoDB AUTO_INCREMENT=2 DEFAULT CHARSET=utf8 COLLATE=utf8_bin AVG_ROW_LENGTH=4096 COMMENT='Usuarios Por Perfil';
/*!40101 SET character_set_client = @saved_cs_client */;

--
-- Dumping data for table `clinUsuarioPerfil`
--

LOCK TABLES `clinUsuarioPerfil` WRITE;
/*!40000 ALTER TABLE `clinUsuarioPerfil` DISABLE KEYS */;
INSERT INTO `clinUsuarioPerfil` VALUES (1,1,1,1);
/*!40000 ALTER TABLE `clinUsuarioPerfil` ENABLE KEYS */;
UNLOCK TABLES;

--
-- Table structure for table `clinUsuarios`
--

DROP TABLE IF EXISTS `clinUsuarios`;
/*!40101 SET @saved_cs_client     = @@character_set_client */;
/*!40101 SET character_set_client = utf8 */;
CREATE TABLE `clinUsuarios` (
  `idUsuario` int(11) NOT NULL AUTO_INCREMENT,
  `dsUsuario` varchar(45) DEFAULT NULL,
  `idTipoUsuario` int(11) DEFAULT NULL,
  `email` varchar(150) DEFAULT NULL,
  `senha` varchar(50) DEFAULT NULL,
  `idProjeto` int(11) DEFAULT NULL,
  `stStatus` tinyint(4) DEFAULT '1',
  `telefone1` varchar(20) DEFAULT NULL,
  `telefone2` varchar(20) DEFAULT NULL,
  PRIMARY KEY (`idUsuario`),
  KEY `fk_clinUsuarios_1_idx` (`idTipoUsuario`),
  CONSTRAINT `fk_clinUsuarios_1` FOREIGN KEY (`idTipoUsuario`) REFERENCES `clinTipoUsuario` (`idTipoUsuario`) ON DELETE NO ACTION ON UPDATE NO ACTION
) ENGINE=InnoDB AUTO_INCREMENT=2 DEFAULT CHARSET=latin1;
/*!40101 SET character_set_client = @saved_cs_client */;

--
-- Dumping data for table `clinUsuarios`
--

LOCK TABLES `clinUsuarios` WRITE;
/*!40000 ALTER TABLE `clinUsuarios` DISABLE KEYS */;
INSERT INTO `clinUsuarios` VALUES (1,'ROSANA',1,'rosanacslemos@outlook.com','100603rr',1,1,'11942019727','11972593753');
/*!40000 ALTER TABLE `clinUsuarios` ENABLE KEYS */;
UNLOCK TABLES;
/*!40103 SET TIME_ZONE=@OLD_TIME_ZONE */;

/*!40101 SET SQL_MODE=@OLD_SQL_MODE */;
/*!40014 SET FOREIGN_KEY_CHECKS=@OLD_FOREIGN_KEY_CHECKS */;
/*!40014 SET UNIQUE_CHECKS=@OLD_UNIQUE_CHECKS */;
/*!40101 SET CHARACTER_SET_CLIENT=@OLD_CHARACTER_SET_CLIENT */;
/*!40101 SET CHARACTER_SET_RESULTS=@OLD_CHARACTER_SET_RESULTS */;
/*!40101 SET COLLATION_CONNECTION=@OLD_COLLATION_CONNECTION */;
/*!40111 SET SQL_NOTES=@OLD_SQL_NOTES */;

-- Dump completed on 2016-06-01 14:53:10
